GeneName,Seq_number,Site_number,Ca,Cr_max,Cr_min
42sp43,162,580,0.641997,0.75,0.437931
aaas,168,616,0.832415,0.900974,0.563312
aadac,160,467,0.879042,0.950749,0.805139
aagab,171,443,0.720856,0.803612,0.295711
aamp,161,524,0.795493,0.868321,0.76145
aar2,163,469,0.823224,0.904051,0.206823
aasdh,177,1822,0.604926,0.750274,0.114709
aasdhppt,169,556,0.540345,0.705036,0.402878
aass,168,1078,0.85463,0.934137,0.442486
abca3b,165,2354,0.712726,0.926083,0.151657
abcd4,165,830,0.731157,0.781928,0.196386
abcg5,175,1129,0.586815,0.836138,0.493357
abcg8,176,845,0.794251,0.848521,0.684024
abhd11,176,513,0.608697,0.851852,0.477583
abhd13,157,413,0.842939,0.956416,0.815981
abitram,170,273,0.664512,0.824176,0.498168
ablim2,156,1104,0.633442,0.71558,0.389493
abrab,159,718,0.546618,0.856546,0.151811
abracl,161,126,0.671399,0.97619,0.587302
abtb1,168,697,0.682346,0.810617,0.477762
acbd6,166,425,0.688746,0.788235,0.185882
accs,167,1377,0.697607,0.755265,0.344953
acer1,170,357,0.775713,0.983193,0.742297
acmsd,176,475,0.714545,0.886316,0.543158
acod1,166,680,0.70054,0.857353,0.448529
acot13,171,215,0.662641,0.902326,0.586047
acot7,165,556,0.65157,0.881295,0.411871
acot8,168,632,0.534245,0.995253,0.436709
acox1,161,732,0.892458,0.976776,0.122951
acp5a,169,505,0.670783,0.926733,0.534653
acp7,160,607,0.728398,0.894563,0.367381
acsf3,172,908,0.644529,0.735683,0.395374
acsl5,167,788,0.864624,0.93401,0.524112
actr10,159,513,0.812706,0.923977,0.711501
actr5,175,761,0.809611,0.855453,0.525624
actr8,170,799,0.797283,0.863579,0.635795
adal,173,550,0.634756,0.78,0.312727
adam19b,151,1478,0.630721,0.741543,0.514208
adamts6,162,1673,0.664962,0.738195,0.367603
adat3,168,654,0.538627,0.83945,0.380734
add3a,156,836,0.820014,0.863636,0.733254
adgrd1,158,1140,0.785549,0.835965,0.171053
adgrd2,162,1638,0.653334,0.752137,0.346154
adgrl4,173,1105,0.673324,0.894118,0.338462
adpgk,169,635,0.783031,0.899213,0.631496
adprs,171,535,0.719768,0.874766,0.424299
afg2b,168,1131,0.66593,0.842617,0.551724
afmid,166,504,0.58123,0.700397,0.434524
aga,175,486,0.701411,0.794239,0.516461
agbl5,172,1759,0.534537,0.70722,0.276862
agmo,163,790,0.558997,0.725316,0.101266
agpat3,157,471,0.7963,0.968153,0.496815
agt,170,556,0.831062,0.931655,0.757194
ahcy,157,546,0.787721,0.858974,0.472527
aif1l,163,180,0.818439,0.894444,0.561111
aimp2,166,360,0.888286,0.916667,0.547222
airim,167,286,0.709874,0.811189,0.472028
ak3,164,359,0.623684,0.796657,0.470752
akip1,170,320,0.537132,0.671875,0.5
alg5,174,377,0.853837,0.952255,0.323607
alkbh8,175,1226,0.573498,0.687602,0.2969
amd1,158,497,0.675471,0.770624,0.535211
amdhd1,175,556,0.774543,0.859712,0.219424
amn,153,618,0.780866,0.893204,0.512945
anapc1,165,2428,0.786396,0.822076,0.0527183
anapc5,170,1101,0.694208,0.91099,0.363306
angpt2a,166,564,0.872778,0.957447,0.741135
angptl3,169,565,0.830382,0.913274,0.79646
angptl7,157,416,0.817292,0.913462,0.439904
ankrd13a,164,869,0.692399,0.743383,0.405063
ankrd39,170,308,0.606971,0.805195,0.477273
ankrd40,161,636,0.642808,0.792453,0.56761
ankrd49,169,361,0.642315,0.897507,0.423823
aoc1,159,851,0.874606,0.989424,0.830787
ap2s1,174,162,0.877501,0.950617,0.833333
ap3m2,162,448,0.933573,1,0.810268
ap4e1,172,1417,0.798941,0.863091,0.558222
ap4m1,165,750,0.585487,0.74,0.294667
ap5b1,161,1055,0.892031,0.933649,0.598104
ap5z1,154,1172,0.698346,0.779863,0.517918
apaf1,162,1537,0.812939,0.854262,0.14704
apba2b,165,1781,0.503789,0.649635,0.275126
apc2,159,3542,0.706073,0.851779,0.46358
api5,159,702,0.753481,0.897436,0.666667
aplp1,162,1191,0.597884,0.882452,0.342569
apoba,160,5034,0.852455,0.911402,0.563568
appl1,158,912,0.772964,0.855263,0.449561
aqr,174,2067,0.711632,0.886792,0.589744
arfgap1,160,603,0.691387,0.820896,0.368159
arfgap3,153,807,0.649991,0.722429,0.399009
arfgef3,165,2915,0.758784,0.798628,0.43705
arg1,153,524,0.652135,0.805344,0.414122
arhgap18,164,1245,0.555363,0.692369,0.500402
arhgap24,166,1028,0.757143,0.858949,0.0933852
arhgef11,159,2253,0.62686,0.719929,0.0741234
arhgef19,161,1264,0.762462,0.873418,0.405854
arhgef3l,162,663,0.784947,0.898944,0.461538
arid5a,162,1158,0.51903,0.708981,0.462003
arl13a,171,710,0.617709,0.7,0.422535
arl16,158,268,0.663848,0.772388,0.36194
arl2,171,295,0.627872,0.857627,0.610169
arl2bp,165,321,0.567733,0.76324,0.389408
armc3,164,1216,0.67184,0.730263,0.309211
armc6,167,540,0.868829,0.925926,0.825926
armc7,172,347,0.558491,0.798271,0.412104
armc8,165,911,0.733214,0.81449,0.0889133
armt1,175,680,0.665588,0.923529,0.480882
arpin,161,431,0.527244,0.75174,0.194896
arrdc2,156,519,0.785794,0.880539,0.171484
arsh,172,938,0.634031,0.847548,0.4371
arsk,170,632,0.832837,0.928797,0.742089
arv1,165,387,0.620233,0.824289,0.299742
arvcfb,157,1488,0.663195,0.732527,0.38172
asah2,166,1352,0.529688,0.849112,0.121302
asb1,159,650,0.542777,0.667692,0.358462
asb10,168,706,0.659247,0.790368,0.280453
asb16,157,720,0.648983,0.723611,0.283333
ascc2,168,957,0.797177,0.867294,0.567398
asmtl,172,921,0.713677,0.792617,0.295331
asnsd1,166,816,0.745534,0.830882,0.598039
aspn,166,460,0.795416,0.843478,0.571739
aspscr1,164,1103,0.546669,0.639166,0.307344
ass1,164,529,0.784418,0.956522,0.540643
atf3,157,403,0.543914,0.724566,0.399504
atf7a,160,901,0.568167,0.736959,0.401776
atg101,160,253,0.860598,1,0.549407
atg3,158,462,0.683585,0.777056,0.359307
atg4c,172,730,0.653942,0.734247,0.545205
atg5,159,372,0.734108,0.900538,0.290323
atg9a,159,1011,0.838257,0.870425,0.538081
atg9b,159,881,0.914484,0.942111,0.577753
atl1,168,755,0.739838,0.797351,0.107285
atl3,156,598,0.857774,0.973244,0.747492
atmin,161,935,0.830637,0.881283,0.694118
atoh8,165,607,0.517488,0.698517,0.350906
atp13a1,166,1375,0.870344,0.911273,0.856
atp13a2,163,1441,0.804039,0.879251,0.448994
atp1b4,164,518,0.666423,0.861004,0.569498
atp23,156,425,0.553801,0.762353,0.301176
atp6v0b,164,280,0.749085,0.917857,0.732143
atp6v1h,157,584,0.820031,0.895548,0.292808
atpaf1,166,539,0.570747,0.675325,0.25603
atpaf2,162,364,0.785663,0.840659,0.571429
atpsckmt,161,455,0.500157,0.797802,0.349451
atxn10,171,676,0.714108,0.794379,0.368343
atxn1l,160,1151,0.704768,0.78801,0.453519
atxn3,165,521,0.662304,0.754319,0.393474
avl9,162,937,0.665751,0.759872,0.454642
b9d1,166,298,0.686969,0.795302,0.45302
baalcb,165,282,0.649194,0.819149,0.379433
babam1,172,534,0.702236,0.844569,0.520599
babam2,168,546,0.70841,0.782051,0.194139
bace1,153,677,0.760458,0.818316,0.451994
bace2,161,686,0.74019,0.865889,0.542274
bag5,160,762,0.649984,0.778215,0.455381
bap1,160,1006,0.738538,0.797217,0.601392
bard1,165,1098,0.704344,0.78051,0.222222
baz2a,159,3848,0.675496,0.760655,0.452183
bbs10,166,1214,0.523665,0.662273,0.200165
bbs12,163,1057,0.600548,0.803217,0.261116
bbs2,168,809,0.882262,0.966625,0.773795
bbs5,164,389,0.878347,0.974293,0.652956
bbs7,168,845,0.844653,0.884024,0.646154
bcas2,158,227,0.987063,1,0.61674
becn1,172,605,0.737978,0.803306,0.6
bicc2,168,1697,0.532908,0.705362,0.434885
blm,171,1780,0.789109,0.849438,0.621348
bloc1s1,155,180,0.693584,0.927778,0.444444
bloc1s3,162,344,0.571436,0.799419,0.502907
bloc1s5,173,285,0.543393,0.691228,0.526316
bltp3b,155,2201,0.652513,0.726942,0.372558
blvrb,156,278,0.747487,0.92446,0.661871
blzf1,166,740,0.54387,0.745946,0.210811
bmp15,161,678,0.63158,0.731563,0.466077
bmp16,154,606,0.775738,0.884488,0.656766
bmp4,157,510,0.791895,0.917647,0.696078
bmper,151,855,0.790442,0.901754,0.452632
boc,162,1456,0.718059,0.815247,0.541896
brd9,169,952,0.699704,0.754202,0.319328
bri3bp,167,319,0.732754,0.893417,0.451411
bsdc1,158,645,0.667775,0.744186,0.612403
bsx,163,343,0.667674,0.813411,0.632653
btbd8,166,2361,0.636954,0.775942,0.310462
btg1,163,246,0.73682,0.902439,0.695122
bud31,161,216,0.666063,0.898148,0.375
bxdc2,165,512,0.672952,0.90625,0.175781
bysl,171,549,0.793234,0.896175,0.442623
c1qtnf13,154,625,0.584977,0.7776,0.512
c1qtnf2,163,477,0.649754,0.937107,0.465409
c1qtnf4,159,598,0.643529,0.83612,0.550167
c2cd2l,170,1004,0.69836,0.765936,0.547809
c6,154,1721,0.566788,0.747821,0.158048
c8a,177,743,0.798177,0.890983,0.398385
ca12,169,867,0.571528,0.71511,0.246828
cabin1,162,3256,0.688418,0.738022,0.244165
camlg,163,385,0.74257,0.78961,0.607792
capn7,155,905,0.897594,0.933702,0.144751
casp3a,157,365,0.772428,0.90411,0.687671
casz1,171,2781,0.718487,0.788206,0.368572
cbwd,173,595,0.607888,0.754622,0.142857
ccbe1,167,793,0.513626,0.697352,0.471627
ccdc107,158,478,0.686179,0.776151,0.541841
ccdc124,163,245,0.896131,0.930612,0.702041
ccdc137,173,401,0.656725,0.815461,0.59601
ccdc177,165,1495,0.570337,0.764548,0.465552
ccdc181,174,906,0.571211,0.675497,0.5
ccdc191,168,1381,0.638517,0.703114,0.0803765
ccdc28a,161,333,0.574749,0.780781,0.261261
ccdc28b,162,352,0.607236,0.775568,0.53125
ccdc32,170,317,0.613824,0.750789,0.561514
ccdc47,160,614,0.800458,0.915309,0.765472
ccdc61,162,833,0.619855,0.716687,0.518607
ccdc80l2,170,1215,0.595018,0.836214,0.263374
ccdc93,165,895,0.708624,0.767598,0.332961
ccdc97,160,680,0.505313,0.608824,0.376471
ccn6,167,562,0.620975,0.825623,0.564057
ccna1,165,627,0.646542,0.824561,0.438596
ccna2,156,522,0.828655,0.860153,0.795019
ccnf,168,1289,0.604137,0.87277,0.422808
ccnh,168,501,0.640077,0.792415,0.299401
ccnj,171,716,0.507751,0.659218,0.269553
ccnl1a,154,684,0.789721,0.899123,0.524854
cct4,157,643,0.831166,0.894246,0.657854
cct7,168,586,0.932523,0.993174,0.853242
cdan1,166,1948,0.674869,0.761807,0.302875
cdc20,157,658,0.766083,0.840426,0.737082
cdc23,161,645,0.888882,0.928682,0.548837
cdc40,160,666,0.869444,0.927928,0.719219
cdc45,172,616,0.924636,0.975649,0.829545
cdc7,169,932,0.625625,0.811159,0.380901
cdca3,165,801,0.541021,0.686642,0.310861
cdcp2,172,967,0.550245,0.971044,0.125129
cdh17,164,988,0.880807,0.918016,0.660931
cdk10,168,661,0.544611,0.730711,0.258699
cdk5,164,376,0.777974,0.920213,0.587766
cdk5rap1,163,1055,0.553671,0.72891,0.1109
cdk5rap3,175,698,0.716897,0.82235,0.151862
cdk7,167,427,0.802311,0.922717,0.529274
cdk9,162,491,0.796196,0.88391,0.454175
cdv3,157,310,0.743723,0.803226,0.725806
cebpz,170,1392,0.76711,0.823276,0.505747
celsr1a,170,3474,0.872817,0.908463,0.342257
celsr3,159,5474,0.676113,0.75137,0.109792
cenatac,163,494,0.719729,0.785425,0.668016
cenpi,168,890,0.820138,0.87191,0.674157
cenpl,166,539,0.677851,0.788497,0.593692
cenpn,161,582,0.588995,0.757732,0.180412
cenps,167,210,0.594069,0.82381,0.4
cep112,156,1318,0.697517,0.795144,0.11305
cep135,169,1455,0.79869,0.830241,0.395876
cep19,175,250,0.639474,0.86,0.62
cep41,165,576,0.635964,0.755208,0.263889
cep76,170,861,0.764234,0.885017,0.353078
cep85,157,991,0.789597,0.837538,0.189707
cep97,164,1284,0.582265,0.744548,0.464174
cfap144,165,237,0.551643,0.755274,0.329114
cfap161,169,487,0.609054,0.780287,0.422998
cfap210,168,717,0.764013,0.842399,0.331939
cfap251,172,1613,0.605996,0.792312,0.307502
cfap263,158,595,0.629167,0.742857,0.346218
cfap410,172,469,0.557334,0.686567,0.307036
cfap43,170,2747,0.583942,0.71205,0.299964
cfap58,161,1221,0.707718,0.814087,0.370188
cfap65,171,3132,0.559551,0.744253,0.422095
cfap91,169,1469,0.515679,0.830497,0.233492
cfd,152,345,0.77849,0.904348,0.411594
cftr,162,1776,0.840267,0.885135,0.508446
cga,153,252,0.508429,0.845238,0.440476
chaf1b,159,1000,0.614075,0.743,0.564
chd2,170,2180,0.831662,0.860092,0.672936
chdh,168,782,0.788553,0.872123,0.525575
chek1,168,635,0.722291,0.806299,0.302362
cherp,156,1361,0.666092,0.742836,0.220426
chid1,171,493,0.788098,0.862069,0.598377
chrac1,157,217,0.559512,0.78341,0.516129
chrm2a,154,625,0.80426,0.9024,0.7776
chrnb1l,159,736,0.678613,0.82337,0.552989
chst11,159,673,0.52433,0.995542,0.383358
chst14,171,570,0.646958,0.854386,0.396491
chst7,169,573,0.736671,0.835951,0.713787
chtf18,165,1326,0.696028,0.771493,0.339367
ciao1,160,349,0.947153,0.974212,0.724928
ciao2a,167,261,0.583018,0.804598,0.45977
cisd2,166,256,0.530426,0.894531,0.457031
ckap2l,166,1304,0.564662,0.736196,0.28911
clasp2,168,1956,0.785483,0.819018,0.548569
clcnk,167,993,0.695304,0.766365,0.516616
cldn1,163,292,0.721342,0.873288,0.431507
cldn26,153,328,0.675076,0.890244,0.652439
clec11a,159,533,0.514425,0.757974,0.275797
clic4,151,394,0.642703,0.827411,0.502538
cln8,156,418,0.690667,0.980861,0.645933
clp1,159,521,0.848851,0.915547,0.614203
clrn2,162,292,0.798896,0.979452,0.75
clstn1,165,1104,0.881593,0.919384,0.384964
cluha,152,1795,0.775619,0.890808,0.525905
clybl,167,573,0.602303,0.708551,0.148342
cmbl,167,429,0.575688,0.72028,0.386946
cmss1,172,481,0.611529,0.860707,0.432432
cmtr2,168,1028,0.743179,0.86284,0.513619
cnga4,172,952,0.686578,0.855042,0.523109
cnot10,162,1064,0.693928,0.799812,0.504699
cnot7,172,431,0.663614,0.805104,0.204176
cobl,159,2264,0.661197,0.717756,0.242933
cog1,161,1287,0.751326,0.806527,0.226884
cog3,168,981,0.841191,0.884811,0.720693
cog5,161,1160,0.694549,0.85,0.366379
cog6,171,850,0.75764,0.842353,0.112941
colec10,163,499,0.55859,0.757515,0.324649
colec11,169,427,0.658481,0.854801,0.466042
commd4,173,318,0.627895,0.81761,0.339623
commd5,174,285,0.743154,0.807018,0.607018
commd7,165,393,0.510895,0.816794,0.37659
commd9,165,362,0.544517,0.687845,0.240331
copg2,164,1010,0.863741,0.934653,0.740594
cops4,160,562,0.729393,0.870107,0.720641
cpb1,166,477,0.869465,0.947589,0.555556
cpe,161,505,0.89425,0.936634,0.49505
cpsf2,158,853,0.923732,0.957796,0.90973
crb1,165,1914,0.688227,0.768548,0.497388
crbn,171,615,0.72121,0.884553,0.308943
crebzf,162,478,0.555659,0.838912,0.374477
creld2,168,503,0.714286,0.779324,0.562624
crispld2,161,634,0.815634,0.914826,0.780757
crls1,157,624,0.567818,0.685897,0.230769
crtap,171,508,0.788288,0.901575,0.765748
cry-dash,157,634,0.81394,0.900631,0.15142
crybb1,152,435,0.541485,0.827586,0.328736
crym,170,512,0.618589,0.773438,0.400391
csf3r,160,1283,0.651642,0.822292,0.508184
cspg4,167,2557,0.902133,0.922957,0.649198
cstf2,168,998,0.515561,0.609218,0.326653
cstf3,166,815,0.877626,0.96319,0.759509
ctnnbl1,157,728,0.777787,0.843407,0.320055
ctns,153,599,0.641429,0.796327,0.477462
ctso,161,615,0.557653,0.645528,0.442276
ctu2,159,727,0.696435,0.801926,0.396149
cwc25,160,538,0.739626,0.802974,0.657993
cwc27,170,662,0.715124,0.830816,0.528701
cwf19l2,172,1557,0.599786,0.700706,0.44894
cxadr,162,518,0.72457,0.903475,0.283784
cxxc5a,164,493,0.572973,0.713996,0.30426
cylda,159,1154,0.826592,0.877816,0.759099
dapk3,155,517,0.87692,0.969052,0.531915
daw1,163,566,0.734939,0.881625,0.618375
dbh,159,860,0.713442,0.782558,0.182558
dbr1,162,764,0.738373,0.816754,0.606021
dcaf13,169,558,0.792592,0.908602,0.15233
dcaf17,173,742,0.693727,0.781671,0.446092
dcakd,171,430,0.537386,0.948837,0.532558
dchs2,170,3723,0.869522,0.896589,0.39914
dclre1a,174,1450,0.633868,0.737241,0.258621
dclre1b,167,1033,0.568225,0.700871,0.360116
dcp1a,157,756,0.646665,0.756614,0.152116
dcps,167,441,0.744199,0.85034,0.600907
dctn2,164,546,0.743054,0.886447,0.598901
dctn5,160,192,0.946712,1,0.729167
ddi2,156,1412,0.540936,0.850567,0.280453
ddit3,165,540,0.556117,0.722222,0.355556
ddost,170,563,0.826434,0.905861,0.730018
ddx1,169,877,0.826844,0.90992,0.112885
ddx10,172,1262,0.665808,0.753566,0.484945
ddx11,172,1225,0.734442,0.772245,0.686531
ddx21,158,1127,0.666101,0.71606,0.338066
ddx28,161,736,0.763536,0.861413,0.471467
ddx52,168,802,0.806399,0.899002,0.140898
ddx55,172,797,0.74582,0.854454,0.23212
ddx56,169,792,0.702267,0.858586,0.175505
dennd6b,164,1122,0.507684,0.671123,0.0721925
depdc4,163,670,0.81607,0.880597,0.61194
derl1,163,281,0.902714,0.957295,0.52669
derl2,155,440,0.549619,0.786364,0.343182
det1,162,701,0.787165,0.927247,0.373752
dffa,167,548,0.578336,0.686131,0.523723
dgcr6,166,346,0.571732,0.855491,0.300578
dgcr8,159,988,0.790925,0.879555,0.432186
dgke,158,767,0.747966,0.899609,0.478488
dhcr24,166,558,0.916829,0.991039,0.600358
dhrs7,169,475,0.709972,0.806316,0.604211
dhx29,169,1786,0.767481,0.841545,0.62766
dhx30,173,1430,0.811423,0.854545,0.511888
dhx33,168,809,0.838351,0.909765,0.461063
dhx34,176,1766,0.645514,0.896942,0.236693
dhx36,171,1493,0.697943,0.770261,0.339585
dhx37,176,1309,0.878069,0.913675,0.604278
dhx40,173,970,0.758137,0.803093,0.337113
dhx57,164,1795,0.792866,0.865181,0.660724
dhx9,161,1604,0.771476,0.828554,0.063591
dimt1l,170,311,0.982296,1,0.807074
disp1,158,1884,0.804224,0.881104,0.0716561
disp2,165,1856,0.799464,0.863685,0.637392
dlec1,167,2252,0.7423,0.793517,0.187833
dlg5a,160,2321,0.869636,0.895304,0.587247
dlgap3,165,1661,0.656808,0.760987,0.211921
dll4,167,892,0.766642,0.893498,0.263453
dlx3b,156,387,0.720649,0.927649,0.44186
dlx5a,169,332,0.857935,0.903614,0.813253
dlx6a,168,303,0.812981,0.924092,0.353135
dmap1,165,571,0.831683,0.921191,0.252189
dmrt2a,159,794,0.648694,0.775819,0.38539
dna2,173,1693,0.804742,0.852333,0.432369
dnaaf10,155,444,0.802935,0.894144,0.281532
dnai3,166,1299,0.669927,0.745189,0.311778
dnajc19,170,192,0.608701,0.760417,0.489583
dnajc2,160,1070,0.567354,0.940187,0.151402
dnajc21,172,971,0.558361,0.717817,0.325438
dnajc22,167,658,0.520812,0.987842,0.448328
dnajc28,153,536,0.714089,0.878731,0.248134
dnajc3a,171,712,0.704859,0.832865,0.544944
dnajc8,157,427,0.590328,0.735363,0.569087
dner,156,974,0.77961,0.925051,0.26386
dock10,169,2891,0.756119,0.8312,0.482878
dolk,169,591,0.891188,0.99154,0.881557
dop1b,158,2684,0.8571,0.890462,0.792846
dpagt1,173,562,0.724909,0.811388,0.329181
dpcd,158,304,0.673468,0.845395,0.641447
dph6,175,1009,0.678975,0.75223,0.099108
dph7,174,606,0.73585,0.968647,0.412541
dpm3,159,145,0.655172,0.944828,0.627586
dpp7,167,612,0.804147,0.900327,0.204248
dr1,160,279,0.632773,0.949821,0.458781
drg2,158,410,0.883313,0.978049,0.441463
drgx,170,444,0.68385,0.891892,0.542793
dse,160,1128,0.838459,0.891844,0.22695
dtl,162,848,0.772901,0.851415,0.733491
dtwd1,166,442,0.689909,0.812217,0.567873
dtwd2,161,547,0.527905,0.776965,0.468007
dtx2,164,1150,0.547306,0.63913,0.305217
dtymk,174,413,0.529738,0.934625,0.513317
dusp14,163,376,0.563144,0.795213,0.327128
dusp27,167,1805,0.627452,0.813296,0.398892
dusp4,155,517,0.715318,0.893617,0.67118
dync2h1,166,4572,0.918788,0.948819,0.092301
dync2li1,170,632,0.571054,0.670886,0.343354
dyrk1b,156,967,0.788223,0.870734,0.687694
dysf,159,2597,0.802987,0.924143,0.271852
e2f1,162,640,0.698139,0.873437,0.435937
eapp,158,489,0.617082,0.705521,0.396728
ebi3,162,484,0.548235,0.708678,0.452479
echdc1,166,480,0.642771,0.808333,0.34375
echdc2,171,508,0.636955,0.791339,0.297244
eci1,151,381,0.787471,0.923885,0.288714
ecpas,162,2169,0.842927,0.886123,0.431074
edem1,168,1093,0.578476,0.94236,0.124428
eed,163,558,0.790279,0.860215,0.267025
eef1g,159,549,0.799017,0.881603,0.650273
egf,174,2123,0.529472,0.654734,0.187
egr1,157,606,0.842047,0.894389,0.80033
egr2b,156,564,0.772265,0.833333,0.64539
ehf,169,394,0.712132,0.845178,0.639594
eif1ad,167,305,0.586846,0.75082,0.534426
eif2b2,156,417,0.851657,0.983213,0.690647
eif2d,174,869,0.678181,0.866513,0.372842
eif2s3,155,507,0.926067,0.980276,0.4714
eif3f,155,341,0.804087,0.991202,0.777126
eif3g,159,355,0.836496,0.940845,0.783099
eif3i,168,443,0.731431,0.902935,0.392777
eif3k,155,315,0.694685,0.84127,0.326984
eif4enif1,169,1318,0.724713,0.796662,0.285281
elac1,156,521,0.71256,0.786948,0.347409
elac2,160,1112,0.760443,0.827338,0.352518
elmod3,160,658,0.633207,0.764438,0.224924
elovl6,170,320,0.839522,0.940625,0.4
elp2,166,1087,0.762716,0.802208,0.49954
elp5,172,372,0.796965,0.852151,0.784946
elp6,166,332,0.817317,0.864458,0.481928
emc4,156,237,0.792302,0.869198,0.329114
emc8,164,411,0.5,0.863747,0.486618
emg1,167,294,0.809402,0.979592,0.306122
eml1,157,1122,0.751672,0.812834,0.557041
emx2,161,291,0.849245,0.948454,0.484536
enc3,168,641,0.920038,0.981279,0.914197
endou2,170,439,0.656237,0.849658,0.553531
engase,161,1030,0.697503,0.768932,0.534951
enkd1,162,518,0.695457,0.783784,0.482625
enosf1,168,624,0.702467,0.8125,0.366987
entpd1,158,664,0.760047,0.90512,0.581325
entpd3,155,640,0.790494,0.923438,0.2125
epb41l2,158,1777,0.59078,0.769837,0.454699
epdr1,169,412,0.519346,0.90534,0.298544
epg5,170,3001,0.85833,0.872043,0.798067
epm2a,174,565,0.562435,0.692035,0.329204
eps8l2,159,1141,0.600169,0.695881,0.440841
eral1,168,730,0.618917,0.745205,0.319178
ercc2,167,929,0.81031,0.878364,0.32831
ercc3,160,933,0.829019,0.883173,0.158628
ercc6l2,173,2188,0.674406,0.751371,0.379342
ercc8,172,529,0.754517,0.884688,0.31758
erg28,171,222,0.653548,0.837838,0.563063
ergic3,166,742,0.523082,0.72372,0.227763
erlec1,170,646,0.752113,0.837461,0.592879
erp44,163,485,0.844336,0.946392,0.736082
esd,158,387,0.735208,0.891473,0.421189
esm1,170,314,0.612608,0.792994,0.334395
esrp2,161,954,0.764301,0.875262,0.468553
ess2,158,541,0.875664,0.942699,0.787431
esyt1a,154,1286,0.835436,0.891135,0.448678
etfbkmt,168,371,0.68154,0.894879,0.293801
etnk2,153,566,0.64505,0.803887,0.634276
etv1,170,907,0.542649,0.642778,0.411246
evx1,155,529,0.714031,0.854442,0.584121
evx2,169,550,0.756579,0.916364,0.410909
exd3,165,1326,0.660944,0.733032,0.113122
exo1,168,1341,0.584647,0.642058,0.504847
exoc4,159,1081,0.893314,0.957447,0.53469
exoc8,160,703,0.973871,0.990043,0.792319
exosc1,161,363,0.543743,0.713499,0.352617
exosc10,170,1144,0.782096,0.818182,0.752622
exosc2,161,338,0.866552,0.95858,0.579882
exosc6,170,337,0.813004,0.910979,0.676558
exosc8,172,373,0.743422,0.841823,0.587131
ext2,159,789,0.910252,0.954373,0.551331
extl3,158,932,0.982079,0.996781,0.887339
eya2,162,806,0.593619,0.897022,0.331266
ezh2,160,1201,0.635554,0.727727,0.383847
f5,168,3523,0.562737,0.649446,0.0661368
faap24,159,307,0.702805,0.827362,0.57329
faf2,162,454,0.97743,0.995595,0.784141
fahd2a,168,548,0.584441,0.733577,0.167883
fam114a1,162,915,0.646853,0.739891,0.368306
fam114a2,158,786,0.631526,0.703562,0.430025
fam120b,173,1207,0.594413,0.727423,0.086164
fam135a,166,1909,0.731863,0.795705,0.611839
fam136a,162,215,0.644674,0.823256,0.544186
fam151b,156,502,0.56515,0.798805,0.334661
fam185a,173,565,0.680526,0.784071,0.458407
fam193b,160,1656,0.58339,0.730072,0.417271
fam199x,160,543,0.705364,0.832413,0.248619
fam210b,162,566,0.512204,0.659011,0.224382
fam43b,157,501,0.653686,0.766467,0.50499
fam49al,155,444,0.73948,0.945946,0.463964
fam50a,168,463,0.724892,0.848812,0.542117
fam83b,169,1209,0.758938,0.832093,0.645988
fam89a,163,303,0.583733,0.755776,0.29703
fam91a1,168,945,0.875624,0.908995,0.41164
fam98a,165,887,0.575184,0.666291,0.231116
fam98b,172,653,0.574691,0.653905,0.502297
fan1,171,1516,0.655052,0.748021,0.273087
fancb,171,1278,0.653708,0.760563,0.307512
fancd2,172,1701,0.842664,0.885362,0.0911229
fance,172,754,0.68408,0.748011,0.636605
fancf,169,480,0.716975,0.808333,0.404167
fancg,171,924,0.675945,0.779221,0.455628
fancm,173,3326,0.603428,0.698136,0.466927
fbln5,165,625,0.743573,0.8688,0.1872
fbxl15,167,409,0.727318,0.801956,0.623472
fbxl17,166,896,0.701538,0.796875,0.427455
fbxl4,162,822,0.744758,0.832117,0.435523
fbxl5,154,1097,0.629752,0.730173,0.109389
fbxl6,172,791,0.713242,0.78129,0.250316
fbxl9,168,1052,0.612863,0.714829,0.201521
fbxo21,162,1143,0.559331,0.76028,0.344707
fbxo22,162,464,0.827373,0.952586,0.551724
fbxo34,167,1255,0.524374,0.6749,0.333068
fbxo43,158,958,0.676991,0.781837,0.242171
fbxo5,161,637,0.662061,0.767661,0.483516
fbxo9,170,607,0.70062,0.812191,0.685338
fbxw2,160,609,0.749507,0.837438,0.433498
fbxw8,165,977,0.654632,0.73695,0.0859775
fdft1,170,861,0.531277,0.831591,0.387921
fem1b,168,740,0.849879,0.947297,0.732432
fermt1,166,807,0.82174,0.925651,0.286245
fermt2,163,796,0.862048,0.903266,0.169598
fezf1,157,729,0.594261,0.735254,0.384088
fezf2,160,651,0.662462,0.778802,0.562212
fggy,171,1068,0.520676,0.712547,0.41573
fhdc2,160,1425,0.735048,0.816842,0.545263
fig4a,175,1242,0.725365,0.791465,0.0740741
figla,170,384,0.538971,0.716146,0.372396
fignl1,171,784,0.826777,0.883929,0.780612
fip1l1b,155,1049,0.529555,0.629171,0.1449
fkbp1b,162,165,0.656229,0.884848,0.478788
fkbp6,167,575,0.572643,0.716522,0.410435
fkbp8,161,553,0.734267,0.855335,0.638336
fkbp9,169,836,0.679836,0.814593,0.458134
fktn,164,690,0.660463,0.714493,0.385507
flad1,163,689,0.772276,0.902758,0.650218
flii,159,1442,0.867126,0.900139,0.237171
fmoda,161,451,0.776177,0.953437,0.698448
fnbp1l,158,912,0.638623,0.759868,0.54057
fnbp4,170,1217,0.724636,0.774856,0.599014
focad,168,2151,0.831122,0.901906,0.417945
foxa3,156,648,0.702487,0.92284,0.645062
foxd2,166,464,0.784327,0.87931,0.349138
foxe1,169,604,0.600347,0.852649,0.498344
foxe3,161,624,0.666189,0.810897,0.43109
foxf1,160,435,0.873879,0.924138,0.85977
foxh1,162,858,0.591888,0.706294,0.472028
foxl3,162,422,0.587722,0.824645,0.521327
foxred2,161,858,0.791969,0.842657,0.527972
fra10ac1,173,583,0.573999,0.658662,0.495712
frg1,163,375,0.678004,0.869333,0.474667
frmd3,167,1085,0.578101,0.837788,0.477419
frmd4a,157,1342,0.792082,0.865127,0.47541
frmd6,158,809,0.742814,0.883807,0.245983
frs3,164,846,0.732558,0.777778,0.472813
ftr86,168,929,0.649495,0.74704,0.472551
ftsj3,173,1106,0.770286,0.811935,0.12387
fubp1,168,1000,0.67231,0.743,0.537
fzd4,155,686,0.777382,0.906706,0.635569
g6pc3,174,394,0.858291,0.954315,0.598985
gab2,159,836,0.807213,0.868421,0.252392
gabpa,154,751,0.597091,0.91478,0.580559
gabrd,163,637,0.717676,0.915228,0.44427
gadd45gip1,159,325,0.704886,0.846154,0.403077
gak,167,1619,0.803638,0.840025,0.657196
gale,163,433,0.809745,0.951501,0.632794
galk2,170,579,0.788215,0.88601,0.468048
galns,171,793,0.655974,0.80454,0.319042
galt,168,599,0.608932,0.819699,0.288815
gan,159,730,0.822366,0.89863,0.169863
gar1,158,406,0.542994,0.67734,0.465517
gart,167,1815,0.556045,0.780165,0.0556474
gas6,168,721,0.894261,0.925104,0.37448
gask1b,165,727,0.686016,0.77304,0.301238
gba1,170,726,0.715289,0.798898,0.216253
gclc,170,667,0.943408,0.974513,0.797601
gcn1,154,2768,0.955062,0.978324,0.271676
gcna,163,1074,0.559499,0.649907,0.437616
gdf9,156,633,0.682059,0.766193,0.494471
gdpd1,163,438,0.728577,0.876712,0.655251
gemin2,169,337,0.781592,0.851632,0.436202
gemin4,163,1356,0.811535,0.873894,0.110619
gemin5,170,2125,0.68338,0.787294,0.416471
gemin8,161,322,0.646773,0.81677,0.586957
gfi1b,153,498,0.663044,0.817269,0.624498
ggcx,166,913,0.839058,0.889376,0.606791
ghitm,161,401,0.857902,0.9601,0.229426
gigyf2,157,2081,0.644016,0.697741,0.610284
gins2,170,259,0.716103,0.876448,0.57529
gjc2,161,456,0.917416,0.949561,0.89693
gk5,169,793,0.665587,0.759142,0.332913
gkap1,170,622,0.618319,0.700965,0.55627
glipr2l,161,289,0.545982,0.757785,0.525952
glis3,159,1421,0.591611,0.691766,0.448276
glmna,173,811,0.73811,0.918619,0.605425
glod4,162,389,0.765654,0.894602,0.473008
glt8d1,166,476,0.773248,0.880252,0.403361
glt8d2,159,659,0.549174,0.647951,0.242792
gmcl1,161,615,0.818654,0.891057,0.645528
gmppb,172,464,0.772278,0.922414,0.519397
gnl2,160,876,0.830708,0.863014,0.402968
gnmt,163,456,0.649002,0.877193,0.524123
gnptg,170,587,0.520533,0.758092,0.477002
gnsb,162,661,0.782653,0.898638,0.419062
golga5,171,954,0.789302,0.857442,0.0901468
golm2,164,681,0.711042,0.772394,0.512482
gosr2,162,323,0.658067,0.786378,0.569659
gpaa1,172,683,0.895877,0.938507,0.349927
gpatch2,163,852,0.606023,0.659624,0.20892
gpc2,165,768,0.755919,0.873698,0.397135
gpcpd1,162,930,0.729776,0.824731,0.635484
gpkow,164,702,0.726791,0.796296,0.236467
gpn1,168,780,0.502305,0.725641,0.19359
gpn2,170,396,0.793687,0.881313,0.780303
gpn3,164,369,0.772573,0.886179,0.728997
gpr101,156,574,0.772224,0.820557,0.712544
gpr151,155,564,0.774651,0.900709,0.498227
gpr157,168,431,0.77142,0.863109,0.647332
gpr161a,156,795,0.667949,0.821384,0.506918
gpr176,158,712,0.788961,0.841292,0.668539
gpr18,162,489,0.695057,0.850716,0.640082
gpr4,158,460,0.809494,0.936957,0.780435
gpr75,169,637,0.860357,0.913658,0.704867
gpx2,168,298,0.655121,0.963087,0.563758
grb7,154,820,0.641931,0.730488,0.485366
grhl1,160,860,0.713023,0.798837,0.382558
grxcr1a,162,343,0.857791,0.938776,0.609329
gskip,168,247,0.568995,0.870445,0.522267
gstz1,164,372,0.596397,0.798387,0.263441
gtf2h1,172,620,0.877719,0.93871,0.174194
gtf3c3,165,1555,0.593152,0.756913,0.201929
gtf3c5,164,820,0.64124,0.728049,0.302439
gtpbp10,166,473,0.793219,0.890063,0.765328
gtpbp4,164,808,0.780707,0.964109,0.29703
gtpbp6,174,786,0.674659,0.737913,0.171756
gucy1a1,162,911,0.749583,0.810099,0.614709
gxylt2,154,695,0.64182,0.743885,0.461871
hace1,164,1472,0.617689,0.683424,0.101902
hadhb,164,551,0.856348,0.940109,0.564428
hapln2,164,455,0.760935,0.887912,0.334066
hat1,170,509,0.80579,0.911591,0.685658
haus1,171,410,0.678405,0.85122,0.609756
haus4,166,490,0.742402,0.846939,0.228571
haus8,169,610,0.601407,0.713115,0.377049
hbs1l,165,1165,0.596697,0.716738,0.414592
hcrtr2,166,555,0.756648,0.873874,0.387387
hdc,161,1230,0.526592,0.708943,0.257724
heatr5b,170,2531,0.810661,0.889767,0.625049
heatr6,169,1820,0.660466,0.863736,0.430769
hectd1,165,3123,0.792344,0.856868,0.0931796
hells,156,1014,0.841937,0.89645,0.69428
henmt1,170,733,0.564842,0.740791,0.435198
her5,164,411,0.506142,0.642336,0.347932
heyl,157,567,0.579932,0.710758,0.52381
hhat,173,773,0.652469,0.723157,0.463131
hif1an,164,525,0.678862,0.868571,0.64
hikeshi,159,335,0.592772,0.898507,0.364179
hinfp,171,742,0.657824,0.912399,0.45283
hint3,157,261,0.636259,0.850575,0.509579
hivep1,159,3557,0.736212,0.776497,0.637054
hlx1,161,686,0.554705,0.760933,0.476676
hmces,171,552,0.651189,0.807971,0.583333
hmcn1,168,5941,0.930553,0.962969,0.375526
hnrnph3,169,662,0.605695,0.688822,0.308157
hook1,166,894,0.800349,0.864653,0.658837
hoxb3a,151,759,0.61414,0.897233,0.513834
hoxd10a,165,506,0.666834,0.754941,0.583004
hoxd9a,166,412,0.656305,0.73301,0.59466
hps1,172,925,0.730779,0.794595,0.441081
hps5,173,1763,0.638625,0.730006,0.323313
hpse2,161,783,0.734609,0.942529,0.324393
hs3st1,168,467,0.660676,0.860814,0.601713
hsdl1,165,405,0.790917,0.925926,0.607407
hspa13,173,475,0.926364,0.96,0.905263
htatip2,163,484,0.573442,0.828512,0.487603
htr6,159,699,0.669636,0.879828,0.436338
htt,163,4739,0.661124,0.815573,0.0238447
hyal1,165,617,0.726899,0.858995,0.602917
hycc1,159,798,0.622515,0.765664,0.512531
hyi,175,512,0.535112,0.646484,0.371094
hyou1,156,1440,0.683133,0.730556,0.416667
hypk,169,191,0.636606,0.947644,0.34555
ica1,162,858,0.551347,0.629371,0.355478
ical1,159,998,0.559887,0.680361,0.295591
id3,161,203,0.575192,0.881773,0.507389
ids,168,1030,0.547688,0.746602,0.263107
ifrd1,152,529,0.810467,0.882798,0.801512
ift122,165,1636,0.7179,0.826406,0.116137
ift172,170,1963,0.877783,0.914417,0.197147
ift22,170,300,0.624137,0.72,0.493333
ift80,170,997,0.764092,0.839519,0.30993
igf2bp2a,154,777,0.764997,0.81982,0.101673
ighmbp2,173,1366,0.72694,0.83675,0.265739
igsf11,153,796,0.590658,0.684673,0.46608
ikzf1,165,870,0.671787,0.757471,0.141379
il22ra2,167,397,0.570929,0.712846,0.27204
il23r,164,1624,0.527905,0.603448,0.186576
immt,168,871,0.861605,0.894374,0.241102
imp3,167,188,0.973532,1,0.968085
ino80b,167,500,0.681042,0.772,0.334
ino80c,163,394,0.526969,0.80203,0.48731
inppl1b,157,1759,0.695687,0.791359,0.527572
ints10,172,896,0.816263,0.862723,0.641741
ints11,165,732,0.813951,0.95765,0.218579
ints13,160,846,0.837655,0.899527,0.809693
ints14,167,614,0.831614,0.87785,0.439739
ints2,167,1439,0.839884,0.904795,0.595552
ints4,173,1230,0.789826,0.817886,0.517073
ints7,165,1232,0.769992,0.813312,0.150974
ints9,172,803,0.818421,0.899128,0.271482
intu,167,1411,0.670956,0.748405,0.316797
ipo11,170,1398,0.693436,0.820458,0.388412
iqgap1,159,1688,0.956314,0.986967,0.174171
iqgap2,167,1784,0.929198,0.95796,0.647422
irak1bp1,164,436,0.569339,0.90367,0.37844
irf7,159,644,0.674011,0.753106,0.568323
irx2a,164,863,0.570069,0.646582,0.272306
irx7,163,525,0.618498,0.737143,0.554286
itga3b,173,1326,0.798381,0.864253,0.622926
itga7,165,1543,0.723345,0.788723,0.397926
itga9,168,1443,0.711716,0.839917,0.336105
itgb6,160,886,0.870873,0.94921,0.563205
itgbl1,167,589,0.821549,0.896435,0.556876
itk,168,761,0.814467,0.889619,0.621551
itpa,166,323,0.633257,0.934985,0.594427
itpka,161,642,0.695604,0.847352,0.320872
itpkcb,154,887,0.744835,0.802706,0.363021
iyd,167,491,0.60362,0.810591,0.270876
jak3,166,1303,0.853055,0.894858,0.671527
jkamp,156,506,0.608012,0.806324,0.428854
jmjd4,169,580,0.73231,0.915517,0.293103
jmjd6,160,469,0.849947,0.950959,0.21322
josd1,162,389,0.651782,0.871465,0.287918
jph2,158,1248,0.624696,0.74359,0.354167
kansl2,170,684,0.73268,0.807018,0.480994
katnbl1,162,458,0.638202,0.825328,0.462882
kbtbd12,170,745,0.834426,0.946309,0.824161
kbtbd3,174,780,0.788638,0.851282,0.473077
kbtbd4,173,598,0.878361,0.978261,0.866221
kcnj15,162,402,0.845786,0.942786,0.58209
kcnk5a,161,642,0.814961,0.872274,0.524922
kcnk6,158,429,0.745596,0.904429,0.561772
kctd14,171,420,0.578432,0.878571,0.345238
kctd3,170,1144,0.740493,0.804196,0.592657
kctd4,155,317,0.818052,0.993691,0.801262
kdm8,161,577,0.71068,0.805893,0.656846
kdr,169,1623,0.829981,0.857055,0.601972
kdrl,157,1985,0.665032,0.860453,0.40403
keap1a,167,740,0.812041,0.864865,0.691892
kel,168,1499,0.524917,0.688459,0.294863
kera,160,438,0.810203,0.972603,0.773973
kiaa0825,164,2039,0.634864,0.693968,0.164787
kiaa0895l,153,1002,0.512641,0.800399,0.145709
kiaa2013,159,776,0.794252,0.891753,0.399485
kif15,169,1959,0.704208,0.903522,0.583971
kif18a,157,1100,0.822235,0.883636,0.557273
kif1b,168,2176,0.827909,0.908548,0.53079
kif21b,157,2432,0.691552,0.797286,0.54523
kif6,152,1521,0.527228,0.664694,0.257725
klf3,157,651,0.542478,0.812596,0.236559
klhdc4,171,746,0.779753,0.820375,0.542895
klhl14,167,712,0.853159,0.93118,0.380618
klhl20,161,745,0.814232,0.918121,0.557047
klhl32,155,825,0.744954,0.818182,0.180606
klhl7,163,888,0.686743,0.82545,0.475225
klhl8,162,728,0.838836,0.921703,0.506868
kntc1,175,2496,0.883217,0.905048,0.761218
kpnb3,160,1169,0.933474,0.985458,0.680924
kptn,175,658,0.668068,0.805471,0.515198
krcp,170,792,0.696561,0.786616,0.556818
krtcap2,161,172,0.790192,0.947674,0.494186
kti12,171,390,0.703149,0.815385,0.366667
ktn1,161,1793,0.70742,0.756832,0.391523
kxd1,162,318,0.58246,0.767296,0.399371
lactb2,168,399,0.717911,0.827068,0.235589
lactbl1b,162,801,0.752971,0.876404,0.677903
lama4,163,2301,0.803316,0.915689,0.175576
lats1,158,1462,0.739766,0.833789,0.290698
lbx2,166,334,0.787046,0.853293,0.769461
lca5,168,1206,0.646218,0.76534,0.433665
lck,160,744,0.677386,0.822581,0.602151
lclat1,171,563,0.68178,0.809947,0.408526
lhx2b,153,510,0.815097,0.913725,0.529412
lifra,165,1503,0.646384,0.727878,0.570193
lig3,169,1319,0.764049,0.794541,0.570129
lig4,171,1028,0.883587,0.934825,0.325875
lin54,157,962,0.834057,0.865904,0.782744
lix1l,155,492,0.720548,0.821138,0.434959
llgl2,155,1350,0.745185,0.822963,0.520741
llph,161,211,0.605811,0.890995,0.526066
lmnb2,167,702,0.824462,0.888889,0.735043
lmod3,161,1140,0.57436,0.676316,0.464912
lnpep,164,1239,0.830912,0.875706,0.451977
lpar1,162,435,0.80762,0.931034,0.549425
lrfn1,159,879,0.858029,0.90785,0.664391
lrp11,167,908,0.613693,0.698238,0.109031
lrp4,159,2451,0.765274,0.828233,0.29947
lrpprc,171,1722,0.825611,0.889663,0.468641
lrrc10,169,362,0.772124,0.895028,0.696133
lrrc14b,163,652,0.810343,0.949387,0.785276
lrrc20,171,295,0.594013,0.813559,0.383051
lrrc31,159,794,0.720047,0.777078,0.400504
lrrc32,158,843,0.793347,0.886121,0.723606
lrrc40,169,786,0.762741,0.852417,0.62341
lrrc42,175,700,0.591061,0.744286,0.428571
lrrc47,158,718,0.780517,0.924791,0.274373
lrrc9,173,1975,0.752405,0.797468,0.409114
lrrcc1,171,1404,0.714429,0.759972,0.452279
lrsam1,165,1310,0.55851,0.89084,0.441221
lsg1,167,786,0.811781,0.847328,0.744275
lsm10,161,255,0.522835,0.886275,0.411765
lsm11,162,627,0.530175,0.647528,0.452951
ltn1,170,2375,0.740126,0.821053,0.556632
lxn,166,518,0.562869,0.833977,0.324324
lyar,174,670,0.510834,0.697015,0.246269
lypla2,163,366,0.634215,0.751366,0.256831
lyrm7,167,212,0.50692,0.740566,0.471698
lztr1,171,971,0.809595,0.870237,0.424305
mamdc4,172,1801,0.662571,0.746807,0.170461
maml1,158,1927,0.517385,0.612351,0.23508
man2b2,166,1255,0.805539,0.869323,0.403187
manba,169,1155,0.761982,0.897835,0.0709957
manbal,170,156,0.56003,0.878205,0.320513
map3k10,163,1280,0.838435,0.904687,0.253125
map3k21,171,1281,0.80369,0.843091,0.355191
map3k4,161,2024,0.781019,0.855237,0.739625
map3k9,157,1410,0.730099,0.823404,0.200709
mapk13,169,502,0.725972,0.866534,0.547809
mapk15,163,1074,0.564783,0.776536,0.275605
mapk4,161,1013,0.692875,0.782823,0.229023
mapk7,167,1442,0.763951,0.82871,0.389736
mapkap1,167,1014,0.519009,0.897436,0.331361
mars1,170,1737,0.532002,0.84456,0.150835
marveld3,170,543,0.58413,0.731123,0.202578
matk,158,663,0.691009,0.812971,0.361991
mblac2,167,377,0.73208,0.925729,0.392573
mboat7,170,714,0.662259,0.918768,0.547619
mbtps2,167,626,0.788229,0.857827,0.178914
mc2r,163,415,0.736315,0.874699,0.710843
mcm10,167,1487,0.594981,0.685272,0.437794
mcm7,171,856,0.844483,0.903037,0.39486
mcmbp,170,803,0.786521,0.835616,0.764633
mcmdc2,174,952,0.702586,0.772059,0.147059
mcoln2,167,779,0.713797,0.808729,0.422336
mcrs1,165,578,0.811597,0.861592,0.778547
mcur1,173,535,0.563643,0.680374,0.426168
mdfi,166,505,0.567864,0.720792,0.243564
mdh2,152,346,0.974445,0.985549,0.971098
meaf6,155,383,0.532806,0.754569,0.415144
mecr,164,547,0.695958,0.906764,0.391225
med1,174,2989,0.605169,0.849448,0.423553
med10,165,204,0.658616,0.970588,0.568627
med17,162,783,0.822714,0.87484,0.736909
med20,174,267,0.792953,0.913858,0.438202
med23,172,1890,0.733204,0.815344,0.24709
med28,163,319,0.571033,0.724138,0.410658
med6,171,404,0.617741,0.915842,0.371287
med7,163,307,0.81699,0.970684,0.7557
med9,163,183,0.552985,0.79235,0.519126
melk,164,834,0.807115,0.869305,0.461631
meltf,164,946,0.76157,0.823467,0.675476
mest,161,525,0.629033,0.758095,0.179048
mettl13,169,876,0.77606,0.877854,0.152968
mettl14,159,658,0.688899,0.819149,0.253799
mettl15,164,621,0.641442,0.780998,0.476651
mettl16,166,772,0.713294,0.797927,0.384715
mettl18,171,506,0.690544,0.828063,0.614625
mettl21a,164,379,0.585189,0.778364,0.562005
mettl25,166,1086,0.545275,0.64825,0.316759
mettl4,170,733,0.601878,0.739427,0.398363
mettl5,172,348,0.60283,0.772989,0.5
mettl8,169,646,0.589518,0.678019,0.26935
mfap1,169,488,0.90421,0.932377,0.790984
mfsd2ab,163,625,0.840628,0.8912,0.664
mfsd2b,162,754,0.777737,0.883289,0.48939
mfsd5,158,513,0.936425,0.959064,0.80117
mfsd6l,153,860,0.682847,0.780233,0.254651
mfsd8,169,686,0.739403,0.83965,0.485423
mgme1,171,528,0.653764,0.785985,0.255682
mib1,159,1176,0.874144,0.922619,0.529762
micos13,155,176,0.643915,0.977273,0.625
mief1,163,680,0.700686,0.813235,0.410294
miga2,167,915,0.649534,0.873224,0.472131
mindy2,162,1143,0.568231,0.631671,0.292213
mindy3,171,732,0.620722,0.766393,0.177596
mindy4,173,1152,0.597794,0.665799,0.153646
mios,160,1015,0.862999,0.897537,0.73399
miox,172,519,0.557087,0.703276,0.33526
mis12,162,336,0.670194,0.803571,0.625
mitd1,171,332,0.739185,0.828313,0.283133
mixl1,165,599,0.554439,0.711185,0.404007
mkks,174,969,0.584131,0.851393,0.255934
mkrn1,159,769,0.563298,0.723017,0.280884
mks1,171,837,0.666667,0.721625,0.378734
mlana,167,245,0.511426,0.865306,0.395918
mlc1,166,605,0.66738,0.833058,0.542149
mllt10,168,1934,0.549653,0.609617,0.133402
mlx,158,364,0.679041,0.782967,0.587912
mlycd,160,668,0.754622,0.866766,0.48503
mmaa,169,519,0.785432,0.847784,0.597303
mmachc,173,406,0.653464,0.810345,0.507389
mmp28,171,758,0.68347,0.850923,0.230871
mms19,163,1323,0.770799,0.835979,0.122449
mms22l,172,1426,0.860229,0.897616,0.363254
mocos,166,1200,0.701431,0.755833,0.54
mon1a,154,698,0.747972,0.873926,0.507163
morn4,170,248,0.606926,0.830645,0.528226
mos,170,471,0.713501,0.804671,0.214437
mphosph10,164,976,0.695703,0.777664,0.271516
mpi,168,525,0.801973,0.92381,0.493333
mpnd,171,722,0.635823,0.771468,0.612188
mrpl12,160,242,0.795119,0.92562,0.371901
mrpl13,161,298,0.60509,0.731544,0.40604
mrpl15,165,363,0.816011,0.914601,0.666667
mrpl16,171,310,0.826901,0.974194,0.46129
mrpl19,169,362,0.789418,0.895028,0.754144
mrpl22,167,267,0.77851,0.902622,0.449438
mrpl28,169,318,0.793662,0.930818,0.786164
mrpl3,170,392,0.869928,0.905612,0.591837
mrpl30,171,251,0.635912,0.908367,0.59761
mrpl35,171,241,0.734634,0.879668,0.522822
mrpl37,166,725,0.594333,0.726897,0.394483
mrpl4,165,432,0.695272,0.828704,0.391204
mrpl43,167,174,0.865407,0.954023,0.83908
mrpl45,168,404,0.781648,0.868812,0.569307
mrpl51,167,177,0.736019,0.915254,0.531073
mrpl52,168,254,0.515256,0.870079,0.385827
mrps10,174,396,0.519607,0.679293,0.416667
mrps18a,167,231,0.898618,0.95671,0.709957
mrps24,167,272,0.628368,0.882353,0.580882
mrps26,169,314,0.661403,0.869427,0.633758
mrps27,164,566,0.732095,0.789753,0.577739
mrps30,172,523,0.82039,0.894837,0.785851
mrps33,164,153,0.700901,0.980392,0.470588
mrps34,170,289,0.758131,0.937716,0.529412
mrps9,165,756,0.506077,0.755291,0.203704
msgn1,173,226,0.645071,0.809735,0.473451
msh3,167,1586,0.698322,0.776166,0.446406
msh4,175,1340,0.673488,0.781343,0.40597
msh5,170,1234,0.661116,0.773096,0.529984
msh6,173,1597,0.863537,0.904822,0.787727
msl1b,159,759,0.694202,0.770751,0.56917
mst1,161,933,0.766305,0.874598,0.756699
msto1,170,749,0.781937,0.857143,0.598131
mtfp1,162,242,0.689521,0.946281,0.661157
mtfr2,168,519,0.672917,0.77842,0.593449
mtg1,175,489,0.653941,0.773006,0.507157
mtg2,167,534,0.755736,0.85206,0.230337
mthfr,152,928,0.71417,0.80819,0.459052
mtmr6,163,792,0.825564,0.864899,0.638889
mtor,169,2835,0.870785,0.919929,0.49418
mtr,159,1650,0.762089,0.822424,0.0854545
mtres1,172,352,0.668175,0.838068,0.315341
mtrr,161,922,0.796116,0.866594,0.167028
mtx3,166,455,0.683702,0.753846,0.545055
mvda,166,544,0.737697,0.806985,0.428309
myb,165,1004,0.61596,0.75,0.166335
mybl1,155,983,0.770951,0.814852,0.644964
mycbp2,164,5224,0.900726,0.923622,0.712864
myclb,158,766,0.597639,0.740209,0.475196
mycn,155,704,0.658743,0.775568,0.5625
myd88,170,400,0.717824,0.845,0.595
myf5,157,432,0.570462,0.701389,0.479167
myf6,162,452,0.528652,0.641593,0.345133
myom3,168,1781,0.779518,0.846154,0.405952
myoz2b,166,383,0.6336,0.861619,0.524804
mysm1,158,1189,0.714498,0.817494,0.502944
mzt2b,172,386,0.526826,0.73057,0.305699
naaladl1,167,969,0.763198,0.845201,0.438596
nabp1a,163,309,0.71259,0.87055,0.666667
nadkb,172,782,0.625186,0.719949,0.478261
nae1,160,618,0.863977,0.932039,0.800971
nagk,174,530,0.6509,0.771698,0.175472
naglu,164,851,0.881753,0.940071,0.674501
nalcn,170,2096,0.826305,0.894084,0.505725
narfl,167,600,0.792565,0.938333,0.433333
nat10,170,1145,0.902065,0.951965,0.718777
nat14,158,487,0.574182,0.784394,0.277207
nat9,171,335,0.636432,0.761194,0.304478
naxe,173,361,0.781388,0.891967,0.601108
nbas,162,3003,0.776187,0.877123,0.382617
ncapg,158,1285,0.784731,0.835019,0.088716
ncbp2,166,283,0.574184,0.766784,0.335689
ncf2,163,669,0.738214,0.804185,0.431988
ncln,155,585,0.98016,0.993162,0.806838
ncstn,172,796,0.876892,0.925879,0.479899
ndc1,172,881,0.759199,0.795687,0.390465
ndnf,152,654,0.874517,0.93578,0.70948
ndufa1,161,140,0.503549,0.935714,0.485714
ndufa10,155,447,0.793664,0.854586,0.653244
ndufa12,162,187,0.784182,0.941176,0.604278
ndufa13,156,171,0.84398,0.994152,0.526316
ndufa3,163,173,0.527111,0.930636,0.352601
ndufa6,166,187,0.689517,0.983957,0.497326
ndufa8,169,173,0.990218,0.99422,0.699422
ndufaf2,169,311,0.530699,0.717042,0.450161
ndufaf3,174,303,0.620576,0.749175,0.320132
ndufaf7,167,774,0.577767,0.970284,0.239018
ndufaf8,170,138,0.515985,0.826087,0.485507
ndufb4,160,201,0.63694,0.960199,0.457711
ndufb6,172,153,0.832725,0.980392,0.745098
ndufb8,165,225,0.854949,0.964444,0.808889
ndufb9,164,257,0.675311,0.933852,0.315175
ndufc2,170,158,0.697468,0.987342,0.677215
ndufs2,168,507,0.917336,0.952663,0.650888
ndufs4,165,214,0.796092,0.981308,0.542056
ndufs7,166,281,0.783111,0.925267,0.736655
ndufv2,164,311,0.786115,0.948553,0.77492
necab1,163,533,0.646439,0.752345,0.21576
neil3,173,820,0.697885,0.767073,0.440244
nek10,165,1644,0.631866,0.729927,0.156934
nek2,169,619,0.712956,0.79483,0.411955
nek3,164,705,0.657196,0.842553,0.462411
nek8,167,997,0.698371,0.821464,0.48345
nelfcd,164,705,0.821813,0.88227,0.764539
nepro,170,901,0.544447,0.652608,0.285239
neu4,170,873,0.548555,0.766323,0.418099
neurl1b,170,1012,0.577197,0.667984,0.364625
nexmifb,158,2102,0.672304,0.762131,0.5804
nfasca,158,1811,0.741083,0.811706,0.530646
nfil3,167,708,0.619312,0.824859,0.40678
nfkbie,165,433,0.800798,0.845266,0.764434
nfkbil1,163,478,0.75867,0.901674,0.644351
nfrkb,163,1843,0.692349,0.727075,0.375475
nfx1,166,2117,0.513653,0.761927,0.301842
ngdn,172,602,0.532373,0.755814,0.345515
ngfrb,157,693,0.616961,0.784993,0.327561
ngly1,163,908,0.698947,0.76652,0.102423
nhp2,161,298,0.516403,0.701342,0.271812
nif3l1,170,569,0.747276,0.862917,0.351494
nip7,161,236,0.762159,1,0.411017
nipa1,166,505,0.619874,0.825743,0.508911
nit2,167,374,0.766595,0.86631,0.652406
nkiras2,155,253,0.764019,0.996047,0.596838
nkx3-2,173,489,0.550126,0.707566,0.486708
nkx6.3,169,328,0.821926,0.878049,0.384146
nle1,174,574,0.833544,0.933798,0.566202
nmd3,169,630,0.802977,0.950794,0.703175
nme6,168,277,0.663615,0.787004,0.588448
nmt2,164,658,0.75101,0.840426,0.607903
nmur1a,159,651,0.662348,0.824885,0.462366
noc2l,169,1324,0.567815,0.98716,0.128399
noc4l,169,671,0.789822,0.862891,0.636364
nol10,169,1015,0.710292,0.829557,0.345813
nom1,170,1158,0.724901,0.766839,0.420553
nop14,176,1055,0.819135,0.858768,0.641706
nop16,167,243,0.719327,0.880658,0.530864
nop53,165,638,0.724518,0.821317,0.329154
notch2,161,2968,0.836649,0.878032,0.177898
notch3,159,3539,0.697806,0.906753,0.461147
nots,155,623,0.651499,0.772071,0.362761
notum2,161,872,0.586607,0.729358,0.413991
nox5,165,1276,0.597977,0.709248,0.123824
npat,158,2008,0.669755,0.76743,0.106574
npc1,165,1431,0.889202,0.928022,0.573026
npc1l1,166,1908,0.712413,0.848532,0.690252
npepl1,165,574,0.91135,0.991289,0.703833
npepps,161,1009,0.892773,0.947473,0.398414
nphp3,160,2299,0.575506,0.899522,0.335363
npl,164,467,0.667272,0.766595,0.627409
npm1a,153,407,0.727257,0.810811,0.599509
npm3,173,265,0.608529,0.720755,0.384906
nppc,157,141,0.865429,0.93617,0.836879
nprl2,172,511,0.744539,0.866928,0.508806
npy7r,160,502,0.748145,0.960159,0.709163
nr2e1,166,528,0.753012,0.901515,0.729167
nr5a5,164,804,0.667683,0.758706,0.507463
nsdhl,163,459,0.753024,0.851852,0.457516
nsmaf,174,1212,0.748786,0.820132,0.411716
nsmce2,165,327,0.704328,0.88685,0.535168
nsun6,176,821,0.562957,0.685749,0.141291
nt5dc1,154,849,0.540873,0.687868,0.235571
ntan1,162,417,0.74154,0.832134,0.685851
ntf3,163,432,0.667789,0.773148,0.592593
nuak2,168,827,0.747013,0.80653,0.628779
nudcd2,171,187,0.840104,0.919786,0.775401
nudcd3,169,538,0.668023,0.734201,0.310409
nudt1,166,255,0.623364,0.945098,0.486275
nudt12,170,800,0.569544,0.6675,0.27375
nudt3b,151,332,0.540732,0.71988,0.524096
nudt6,164,527,0.591949,0.766603,0.29222
nudt7,172,430,0.530611,0.718605,0.460465
nudt8,164,768,0.527669,0.703125,0.110677
nup153,163,2630,0.569038,0.604563,0.530418
nup155,167,1482,0.923097,0.950742,0.74359
nup188,170,1932,0.900606,0.92236,0.678571
nup205,170,2170,0.913052,0.942857,0.626267
nup35,157,460,0.649003,0.719565,0.291304
nup43,163,467,0.794656,0.959315,0.576017
nup54,168,799,0.71953,0.790989,0.441802
nup58,162,879,0.672573,0.733788,0.374289
nup85,158,765,0.850525,0.886275,0.704575
nyx,167,624,0.76306,0.871795,0.275641
oaz1b,164,283,0.768228,0.922261,0.448763
ofd1,170,1654,0.627054,0.709794,0.324063
ogfod2,172,504,0.69524,0.785714,0.583333
ogg1,165,600,0.667303,0.768333,0.338333
oit3,169,821,0.661907,0.783191,0.28989
optn,159,1031,0.524129,0.677013,0.353055
orc4,168,540,0.806636,0.948148,0.518519
orc5,167,767,0.586194,0.692308,0.569752
os9,162,970,0.693776,0.77732,0.403093
osgin2,162,836,0.675579,0.785885,0.442584
osgn1,162,796,0.654693,0.782663,0.174623
ost4,163,74,0.503897,1,0.5
otol1b,162,925,0.527721,0.820541,0.147027
otud3,165,620,0.572669,0.712903,0.38871
otud6b,171,389,0.763391,0.835476,0.233933
oxnad1,162,395,0.785107,0.878481,0.435443
oxsm,170,549,0.843266,0.91439,0.602914
p2rx1,156,683,0.605408,0.7306,0.412884
p2ry1,158,403,0.879464,0.940447,0.853598
p3h3,164,938,0.784739,0.879531,0.41791
p3h4,155,530,0.805782,0.922642,0.637736
p4hb,163,667,0.766328,0.863568,0.529235
pacsin2,159,636,0.78201,0.847484,0.685535
pagr1,171,385,0.720665,0.857143,0.581818
pak1ip1,175,500,0.719874,0.798,0.44
pak4,155,971,0.67708,0.765191,0.524202
pam,169,1603,0.591616,0.69869,0.249532
pan2,168,1427,0.831135,0.882971,0.131044
panx2,161,744,0.886287,0.923387,0.780914
pard6gb,152,589,0.765504,0.89983,0.65365
park7,160,241,0.780368,0.863071,0.485477
parn,160,944,0.713381,0.791314,0.419492
parp16,158,483,0.683112,0.795031,0.440994
parvg,167,638,0.510803,0.628527,0.479624
patl2,172,1111,0.633637,0.759676,0.313231
paxbp1,165,1105,0.822778,0.866063,0.455204
pbk,163,502,0.672158,0.802789,0.280876
pcif1,161,1368,0.532654,0.644737,0.248538
pdcd11,164,2621,0.685744,0.87562,0.179702
pde11a,159,1475,0.616374,0.705085,0.351186
pde11al,152,1228,0.753836,0.82899,0.438925
pde4a,151,1224,0.632932,0.740196,0.463235
pdgfrl,170,498,0.728987,0.829317,0.24498
pdia2,156,855,0.663848,0.810526,0.502924
pdlim7,157,818,0.534806,0.674817,0.279951
pdp2,164,659,0.808154,0.893778,0.766313
pdx1,172,429,0.599068,0.703963,0.277389
pdzk1,161,955,0.545225,0.737173,0.51623
peak1,166,2523,0.750245,0.827983,0.677368
pebp1,174,299,0.629358,0.785953,0.35786
pelo,168,455,0.846808,0.918681,0.758242
pex10,165,517,0.627888,0.742747,0.332689
pex11g,169,337,0.717504,0.839763,0.522255
pex3,166,694,0.524773,0.814121,0.256484
pfdn6,173,145,0.868726,0.986207,0.689655
pgap1,171,1244,0.750113,0.838424,0.434084
pgbd5,165,625,0.849445,0.888,0.6064
pgghg,172,963,0.724094,0.856698,0.410177
pgm2,159,718,0.851807,0.913649,0.784123
pgm3,171,628,0.870172,0.929936,0.742038
pgr,166,978,0.669944,0.787321,0.308793
pgrmc2,160,297,0.67138,0.919192,0.521886
phax,173,584,0.685773,0.768836,0.452055
phf5a,160,171,0.648136,0.871345,0.619883
phgdh,161,627,0.843878,0.984051,0.578947
phykpl,174,711,0.634455,0.711674,0.607595
pi4k2b,154,657,0.768072,0.81583,0.570776
pibf1,167,879,0.854469,0.903299,0.357224
pid1,158,425,0.525689,0.656471,0.395294
pif1,167,1091,0.585125,0.797434,0.523373
pigb,174,672,0.781883,0.861607,0.516369
pigf,156,413,0.534721,0.74092,0.467312
pigg,162,1540,0.62484,0.848052,0.24026
pign,172,1250,0.743619,0.9448,0.3112
pigs,172,668,0.839464,0.953593,0.537425
pigt,165,950,0.677601,0.847368,0.497895
pigv,167,626,0.813998,0.894569,0.670927
pin4,170,216,0.604739,0.851852,0.578704
pipox,169,690,0.559943,0.931884,0.162319
pithd1,166,319,0.657646,0.931034,0.272727
piwil1,168,917,0.915148,0.952017,0.0948746
piwil2,162,1967,0.526847,0.723945,0.105236
pkd2l1,173,955,0.833841,0.885864,0.696335
pkmyt1,171,804,0.721008,0.810945,0.284826
pla1a,162,700,0.660785,0.757143,0.542857
pla2g7,159,565,0.758847,0.856637,0.672566
pla2r1,167,2085,0.704183,0.798082,0.19952
plag1,167,590,0.776099,0.864407,0.537288
pld6,162,431,0.531108,0.712297,0.419954
plek,167,407,0.86101,0.914005,0.55774
plekha8,168,684,0.816886,0.855263,0.700292
plekhf2,163,320,0.771837,0.940625,0.6625
plekhg7,155,1044,0.699771,0.77682,0.434866
plekhh1,171,2219,0.637867,0.762506,0.0811176
plekhm1,157,1583,0.67501,0.778269,0.389135
plekhm2,169,1351,0.755408,0.831976,0.675796
plgrkt,167,228,0.660652,0.807018,0.530702
plxnd1,158,2271,0.828863,0.885513,0.428886
pmpca,166,599,0.856669,0.944908,0.283806
pms2,169,1114,0.765571,0.837522,0.404847
pnkd,174,431,0.83104,0.897912,0.429234
pno1,169,265,0.934331,0.954717,0.671698
pnpla2,163,696,0.728924,0.813218,0.350575
pnpo,167,341,0.808436,0.929619,0.648094
poc1bl,156,724,0.808454,0.966851,0.79558
poc5,170,1151,0.501825,0.789748,0.261512
pofut2,162,512,0.866609,0.949219,0.498047
poglut2,173,735,0.691636,0.872109,0.429932
poglut3,164,678,0.760244,0.929204,0.219764
pola1,170,1792,0.81139,0.880022,0.046875
pola2,167,762,0.790058,0.891076,0.532808
pole,170,2922,0.779792,0.90178,0.503422
pole2,169,753,0.704849,0.831341,0.697211
polh,172,1183,0.601265,0.768385,0.25951
polk,167,1175,0.74913,0.822128,0.433191
poll,160,793,0.711909,0.839849,0.493064
polr1a,170,1909,0.883354,0.920901,0.503405
polr1b,174,1227,0.91887,0.9511,0.243684
polr2a,162,2290,0.851857,0.945852,0.703057
polr2c,170,420,0.656527,0.92619,0.457143
polr3a,167,1540,0.900995,0.940909,0.450649
polr3b,170,1271,0.88799,0.941778,0.761605
polr3f,164,461,0.679766,0.791757,0.180043
polr3g,170,415,0.52309,0.701205,0.385542
polr3h,154,377,0.570688,0.681698,0.511936
polr3k,167,146,0.740177,0.910959,0.561644
pop1,166,1454,0.659485,0.741403,0.234525
pop5,167,248,0.675729,0.826613,0.439516
popdc2,159,519,0.719732,0.770713,0.512524
pou1f1,173,532,0.684374,0.774436,0.530075
ppat,169,597,0.840375,0.902848,0.38191
ppil3,172,223,0.748357,0.950673,0.721973
ppil4,169,629,0.745741,0.837838,0.468998
ppil6,176,541,0.546505,0.709797,0.321627
ppm1e,155,915,0.670679,0.837158,0.427322
ppm1j,162,672,0.741944,0.85119,0.599702
ppox,165,626,0.749356,0.829073,0.421725
ppp1r16a,166,771,0.734838,0.795071,0.561608
ppp1r21,161,942,0.830643,0.864119,0.408705
ppp1r37,160,2191,0.519771,0.664537,0.115016
ppp1r42,164,478,0.658039,0.811715,0.271967
ppwd1,165,736,0.849366,0.933424,0.28125
prcc,162,600,0.679815,0.77,0.608333
prdm13,163,1004,0.62771,0.824701,0.563745
preb,161,784,0.547669,0.821429,0.306122
prelid1a,168,404,0.526417,0.913366,0.438119
prepl,172,1005,0.708961,0.793035,0.377114
prim1,169,616,0.694603,0.801948,0.676948
prim2,168,743,0.683442,0.830417,0.211306
primpol,174,850,0.624192,0.708235,0.138824
prkaa1,154,684,0.834548,0.909357,0.69883
prkaa2,170,733,0.756007,0.856753,0.328786
prkcsh,152,654,0.817952,0.917431,0.58104
prl,154,331,0.649331,0.839879,0.595166
prmt7,167,868,0.78441,0.873272,0.573733
prodh2,172,711,0.655014,0.783404,0.268636
prom2,156,1027,0.806812,0.847128,0.638754
prop1,168,384,0.605748,0.739583,0.296875
proser1,169,1109,0.704873,0.798016,0.195672
prox2,160,957,0.694697,0.911181,0.559039
proza,159,558,0.765751,0.913978,0.641577
prpf18,171,417,0.838417,0.930456,0.800959
prpf3,161,820,0.851326,0.90122,0.473171
prpf31,166,658,0.774664,0.87234,0.715805
prpf38a,164,551,0.560942,0.784029,0.30127
prpf4,163,672,0.73186,0.880952,0.177083
prpf6,168,1078,0.89813,0.93321,0.62987
prpf8,167,2384,0.979964,0.989513,0.745805
prr18,171,440,0.582576,0.784091,0.540909
prss23,162,599,0.643284,0.903172,0.592654
prxl2c,171,412,0.548473,0.691748,0.383495
psap,165,718,0.74304,0.811978,0.172702
pskh1,165,553,0.77933,0.895118,0.75226
psmb4,157,335,0.759635,0.931343,0.328358
psmd1,168,1087,0.888109,0.931003,0.598896
psmd10,166,269,0.840664,0.903346,0.654275
psmd12,160,516,0.883006,0.988372,0.699612
psmd14,162,334,0.928439,0.997006,0.898204
psmd9,163,359,0.593622,0.796657,0.428969
psmg4,167,238,0.53462,0.684874,0.483193
psph,161,483,0.501382,0.73499,0.467909
ptcd1,174,999,0.704342,0.808809,0.394394
ptdss2,171,768,0.643412,0.708333,0.361979
pter,159,418,0.835801,0.992823,0.5
ptf1a,157,509,0.534193,0.756385,0.46169
ptger3,169,610,0.642759,0.868852,0.442623
ptgir,160,445,0.831067,0.869663,0.617978
pth3r,164,879,0.632586,0.763367,0.38339
ptpn9a,167,634,0.900338,0.951104,0.77918
ptrh2,169,256,0.699797,0.980469,0.632812
pts,172,276,0.543773,0.869565,0.442029
pttg1,155,337,0.546722,0.68546,0.252226
pum1,169,2093,0.554992,0.857143,0.0692785
pum3,168,1034,0.623814,0.738878,0.401354
pus1,159,565,0.741715,0.872566,0.59469
pus7l,160,1128,0.601585,0.759752,0.236702
pwp1,163,921,0.536713,0.929425,0.418024
pxk,170,887,0.645374,0.730552,0.334837
pxmp2,164,285,0.684489,0.838596,0.536842
pxmp4,169,235,0.908901,0.974468,0.893617
pygo2,165,864,0.67479,0.748843,0.443287
pyroxd1,173,611,0.816325,0.851064,0.761047
pyroxd2,170,852,0.680047,0.892019,0.559859
qars1,165,819,0.946128,0.96337,0.936508
qser1,166,3073,0.546442,0.809958,0.146762
qsox2,152,1275,0.516594,0.625882,0.163922
qtrt1,163,563,0.74025,0.904085,0.600355
rab23,167,343,0.688501,0.965015,0.609329
rab3gap2,164,1684,0.811772,0.851544,0.437055
rab5if,169,231,0.554497,0.839827,0.307359
rabepk,170,618,0.568332,0.699029,0.389968
rad1,171,321,0.868776,0.968847,0.613707
rad51d,171,624,0.537337,0.613782,0.394231
rag1,172,1256,0.851837,0.924363,0.68949
rag2,170,640,0.832509,0.967187,0.821875
ralbp1,165,944,0.70348,0.757415,0.51589
rapsn,172,487,0.866327,0.919918,0.683778
rars1,163,839,0.781357,0.892729,0.164482
rasip1,164,1247,0.797094,0.834002,0.428228
rassf9,171,658,0.665405,0.734043,0.609422
rb1,167,1680,0.542643,0.886905,0.222619
rb1cc1,166,1848,0.875075,0.900433,0.820887
rbbp5,164,697,0.788711,0.857963,0.129125
rbbp8,167,1219,0.537935,0.705496,0.172272
rbck1,162,726,0.712657,0.847107,0.599174
rbl1,161,1490,0.697132,0.755705,0.137584
rbm19,170,1212,0.761755,0.80198,0.221947
rbm27,153,1917,0.541638,0.7277,0.446531
rbm47,156,776,0.787611,0.850515,0.510309
rbm7,163,384,0.672546,0.752604,0.476562
rc3h2,166,1510,0.737796,0.790728,0.54106
rcan3,164,409,0.562765,0.826406,0.173594
rcbtb2,169,952,0.554174,0.736345,0.35084
rchy1,166,490,0.555864,0.75102,0.271429
rcl1,170,504,0.735399,0.890873,0.46627
rcn1,164,413,0.779115,0.905569,0.723971
rcn2,159,437,0.717514,0.814645,0.535469
rdh5,158,477,0.704774,0.819706,0.66457
recql5,164,1633,0.610047,0.67177,0.232088
relb,157,1049,0.562993,0.64633,0.346044
relt,164,608,0.695814,0.794408,0.353618
ret,168,2099,0.533029,0.852311,0.400667
rev1,169,1918,0.700644,0.779458,0.397289
rexo1,164,1943,0.647129,0.742666,0.602676
rexo4,158,633,0.669436,0.753555,0.559242
rfc3,166,423,0.842832,1,0.829787
rfc5,161,457,0.732525,0.833698,0.404814
rfx3,162,1149,0.662514,0.769365,0.166232
rgl1,166,978,0.821427,0.899796,0.572597
rgra,160,351,0.842806,0.954416,0.837607
rgs17,169,320,0.656121,0.83125,0.5
rhbdd3,167,589,0.617519,0.752122,0.568761
rhbdl2,164,470,0.630799,0.83617,0.261702
rhoh,158,259,0.75402,0.984556,0.46332
rhot2,172,755,0.815016,0.912583,0.283444
rhoub,157,308,0.785053,0.88961,0.766234
rhov,161,345,0.692214,0.855072,0.637681
rhpn2,160,772,0.885371,0.918394,0.797927
ric8b,162,810,0.66736,0.740741,0.530864
rint1,161,933,0.832937,0.903537,0.168274
riok1,158,862,0.631149,0.7471,0.321346
riok2,172,765,0.679632,0.739869,0.377778
riox1,159,749,0.732213,0.866489,0.534045
ripor2,160,1552,0.691523,0.81701,0.224227
rmdn1,170,572,0.534441,0.807692,0.372378
rmnd1,166,622,0.671861,0.789389,0.160772
rnaseh2a,163,410,0.754392,0.907317,0.263415
rnaseh2c,167,240,0.577146,0.829167,0.516667
rnf114,155,364,0.628128,0.873626,0.57967
rnf121,160,465,0.714274,0.956989,0.462366
rnf169,161,1101,0.538793,0.643052,0.108992
rnf170,169,433,0.616041,0.817552,0.418014
rnf185,168,357,0.545135,0.935574,0.495798
rnf24,158,260,0.614776,0.815385,0.396154
rnf25,166,961,0.502595,0.723205,0.117586
rnf8,164,946,0.553576,0.743129,0.428118
rngtt,169,679,0.882319,0.921944,0.605302
robo4,159,1506,0.740075,0.827357,0.434263
romo1,164,132,0.602504,0.931818,0.598485
rp9,163,427,0.523297,0.704918,0.447307
rpa2,169,383,0.730839,0.866841,0.496084
rpain,171,379,0.601244,0.741425,0.406332
rpgrip1l,155,1871,0.65324,0.717798,0.0737573
rpl12,165,207,0.793442,0.942029,0.362319
rpl13,158,211,0.99994,1,0.995261
rpl15,156,204,0.998052,1,0.77451
rpl27,156,173,0.782941,1,0.427746
rpl3,153,515,0.788235,0.932039,0.681553
rpl34,170,151,0.777289,0.874172,0.748344
rpl36,158,168,0.626206,0.815476,0.464286
rpn2,167,710,0.895285,0.938028,0.25493
rprd1b,154,539,0.617148,0.719852,0.538033
rps19bp1,168,302,0.524223,0.678808,0.377483
rps6kc1,174,1570,0.691537,0.759236,0.527389
rps6kl1,168,1106,0.685853,0.786618,0.24774
rps7,165,326,0.59037,0.91411,0.315951
rps9,170,194,0.998181,1,0.695876
rrad,159,477,0.655828,0.960168,0.628931
rraga,168,377,0.83676,0.928382,0.729443
rrh,173,533,0.62803,0.849906,0.251407
rsad1,164,875,0.515394,0.712,0.257143
rsph10b,176,1479,0.515866,0.638269,0.320487
rspo3,154,426,0.755015,0.868545,0.507042
rspry1,170,727,0.803908,0.877579,0.189821
rtel1,162,1798,0.650321,0.713014,0.432147
rttn,173,2632,0.843006,0.870821,0.49734
runx1,151,818,0.602179,0.777506,0.273839
rusc1,151,2606,0.633042,0.837299,0.0936301
ruvbl1,160,459,0.990046,0.997821,0.588235
ruvbl2,171,579,0.798756,0.98791,0.65285
rwdd,170,349,0.536474,0.853868,0.404011
rx3,168,437,0.700583,0.80778,0.535469
rxfp3,158,691,0.593993,0.898698,0.507959
rxylt1,171,547,0.804142,0.873857,0.61426
s1pr1,156,502,0.739235,0.896414,0.677291
s1pr2,165,484,0.76584,0.913223,0.729339
s1pr4,154,573,0.713368,0.884817,0.661431
sacs,161,4682,0.976276,0.987399,0.843657
sap30bp,166,521,0.58761,0.654511,0.238004
sash3,169,676,0.586315,0.747041,0.196746
sass6,165,953,0.635759,0.718783,0.424974
sbds,157,401,0.621948,0.835411,0.25187
scaper,160,1798,0.814325,0.873749,0.266407
scara3,159,712,0.844622,0.925562,0.752809
scara5,158,693,0.71013,0.805195,0.424242
scarb2c,163,619,0.775246,0.862682,0.546042
scly,171,770,0.579532,0.871429,0.375325
scnm1,169,495,0.519658,0.650505,0.214141
scyl2,165,1066,0.863636,0.912758,0.67636
sdad1,168,1337,0.512929,0.9454,0.192969
sdcbp2,156,363,0.827771,0.884298,0.564738
sdf4,158,379,0.936325,0.984169,0.55409
sdr42e1,165,524,0.748797,0.931298,0.639313
sec13,167,455,0.701902,0.824176,0.316484
selenof,158,188,0.814166,0.968085,0.744681
selenom,164,315,0.510066,0.904762,0.453968
selenon,171,808,0.690399,0.969059,0.529703
selenop,162,634,0.556919,0.695584,0.222397
selenop2,159,486,0.566322,0.73251,0.300412
selenot2,152,344,0.628423,0.790698,0.537791
sema3bl,166,946,0.818965,0.896406,0.204017
sema3c,156,960,0.793182,0.886458,0.713542
sepsecs,167,935,0.520478,0.648128,0.360428
septin2,152,534,0.696001,0.850187,0.623596
serpine3,163,775,0.543661,0.686452,0.308387
serpinf1,165,609,0.670468,0.876847,0.410509
sestd1,158,932,0.786073,0.842275,0.354077
setd4,171,791,0.568449,0.702908,0.112516
setd6,163,858,0.536445,0.821678,0.268065
setd9,172,409,0.698016,0.867971,0.354523
setmar,163,596,0.50174,0.748322,0.35906
sf3a3,156,504,0.993335,1,0.886905
sf3b3,163,1292,0.932273,0.990712,0.134675
sf3b4,156,489,0.811337,0.877301,0.521472
sf3b6,165,176,0.710158,1,0.465909
sfi1,170,1812,0.645517,0.717991,0.290287
sfxn2,170,442,0.729039,0.904977,0.246606
sgce,172,595,0.767237,0.872269,0.608403
sgcg,159,386,0.75299,0.914508,0.365285
sgms2a,163,596,0.60343,0.805369,0.355705
sgtb,161,460,0.674467,0.81087,0.656522
sh3d21,160,889,0.544657,0.736783,0.131609
shc1,162,699,0.842076,0.901288,0.622318
shprh,172,2124,0.776499,0.827213,0.362524
shroom1,159,2168,0.706477,0.750923,0.51107
shrprbck1r,165,1007,0.700123,0.771599,0.431976
siae,156,920,0.555651,0.742391,0.269565
sigirr,163,702,0.704062,0.820513,0.538462
sigmar1,170,346,0.645053,0.881503,0.390173
sipa1l3,163,2098,0.823709,0.8551,0.332221
sirt2,169,694,0.553493,0.795389,0.423631
sirt4,168,519,0.605663,0.753372,0.512524
sirt6,169,638,0.5698,0.772727,0.405956
sirt7,168,580,0.698943,0.812069,0.286207
six5,159,1363,0.695981,0.757887,0.58474
ska1,162,431,0.582968,0.721578,0.241299
skap2,165,504,0.678884,0.793651,0.507937
skic8,166,408,0.749395,0.943627,0.742647
skila,153,1069,0.703278,0.797007,0.509822
slc12a1,163,1199,0.861879,0.924103,0.500417
slc12a8,168,991,0.74427,0.84662,0.171544
slc13a3,163,873,0.686252,0.918671,0.444444
slc15a5,172,901,0.640064,0.749168,0.497225
slc25a16,161,402,0.797302,0.950249,0.577114
slc25a19,164,428,0.753932,0.911215,0.553738
slc25a33,153,432,0.727154,0.851852,0.599537
slc25a35,171,379,0.787854,0.886544,0.646438
slc25a40,161,490,0.713551,0.797959,0.689796
slc25a43,163,685,0.502521,0.941606,0.362044
slc28a1,165,969,0.678463,0.852425,0.54386
slc29a3,166,577,0.814485,0.930676,0.362218
slc31a2,166,311,0.51352,0.762058,0.350482
slc35a4,172,384,0.841509,0.947917,0.669271
slc35g1,166,541,0.761553,0.874307,0.50647
slc38a7,161,518,0.881424,0.957529,0.65444
slc49a4,155,688,0.671427,0.824128,0.19186
slc6a11b,166,670,0.909549,0.976119,0.283582
slc6a3,162,742,0.827701,0.907008,0.657682
slc8b1,154,725,0.796695,0.871724,0.415172
slc9a8,168,900,0.72422,0.823333,0.226667
sltm,172,1840,0.543962,0.617391,0.178804
slu7,160,750,0.758592,0.848,0.546667
smad9,174,880,0.529722,0.805682,0.167045
smarcd2,168,720,0.697941,0.747222,0.622222
smc4,168,1480,0.870286,0.915541,0.116892
smc5,170,1190,0.901676,0.939496,0.644538
smg8,156,1174,0.781303,0.858603,0.360307
smg9,164,747,0.678494,0.800535,0.170013
smim8,170,170,0.563599,0.764706,0.305882
smndc1,169,295,0.804252,0.979661,0.6
smo,163,987,0.830763,0.880446,0.602837
smox,158,716,0.770075,0.858939,0.731844
smpd1,171,804,0.747614,0.878109,0.54602
sms,164,508,0.71045,0.858268,0.580709
smyd4,170,1352,0.567891,0.640533,0.345414
smyd5,162,519,0.798378,0.865125,0.635838
snap47,168,599,0.708025,0.786311,0.554257
snapc3,169,508,0.745073,0.905512,0.279528
snapin,163,230,0.574687,1,0.556522
snd1,166,1219,0.736744,0.896637,0.11813
snrnp27,171,273,0.583424,0.717949,0.347985
snrpa,161,357,0.782643,0.932773,0.733894
snrpb,161,265,0.895957,0.928302,0.6
snrpf,162,162,0.547211,0.975309,0.518519
snupn,170,611,0.615385,0.720131,0.581015
snw1,155,590,0.908289,0.971186,0.732203
snx13,159,1256,0.768312,0.828025,0.557325
snx17,163,723,0.654312,0.814661,0.453665
snx33,169,657,0.851999,0.91933,0.738204
snx5,157,498,0.80187,0.965863,0.624498
snx8a,161,723,0.715944,0.835408,0.561549
sord,163,568,0.624492,0.940141,0.288732
soul3,161,484,0.569042,0.780992,0.283058
sowahd,161,505,0.655249,0.756436,0.376238
sox17,159,689,0.579401,0.682148,0.148041
sp7,167,597,0.766808,0.919598,0.731993
spag7,173,296,0.781811,0.891892,0.412162
spata17,170,600,0.549814,0.693333,0.285
spata18,169,754,0.644515,0.745358,0.183024
spata2,159,712,0.783549,0.917135,0.698034
spata6,169,883,0.513794,0.637599,0.14043
spats2,152,967,0.514383,0.648397,0.185109
spc24,156,313,0.650733,0.833866,0.507987
spc25,172,360,0.654942,0.802778,0.341667
spon2b,162,464,0.72934,0.903017,0.392241
spout1,160,536,0.708792,0.789179,0.380597
sppl2,159,902,0.616945,0.841463,0.280488
srd5a3,168,452,0.693518,0.829646,0.345133
srgap2,161,1579,0.707559,0.856871,0.479417
srpra,163,846,0.769562,0.835697,0.634752
ssb,160,574,0.69828,0.787456,0.560976
ssr3,160,273,0.684707,0.96337,0.673993
st14,159,936,0.89077,0.917735,0.58547
st18,160,1705,0.629699,0.7261,0.404692
stard3nl,164,364,0.624213,0.741758,0.447802
stard7,166,631,0.645571,0.895404,0.616482
stat6,170,1237,0.619944,0.793048,0.486661
stim2b,161,1067,0.69468,0.794752,0.136832
stk16,166,555,0.559991,0.753153,0.437838
stk3,168,628,0.79469,0.941083,0.773885
stmnd1,157,474,0.591873,0.761603,0.312236
stn1,158,591,0.614417,0.749577,0.314721
stoml1,170,680,0.601038,0.725,0.452941
strada,159,579,0.726594,0.827288,0.493955
stx11a,152,328,0.89231,0.957317,0.871951
stxbp3,158,673,0.879625,0.918276,0.560178
suclg1,159,365,0.884932,0.939726,0.430137
sufu,163,580,0.819463,0.92931,0.567241
sugp1,158,827,0.758782,0.829504,0.235792
sult4a1,164,389,0.727742,0.845758,0.526992
supt4h1,171,170,0.691469,0.852941,0.670588
supt6h,170,2245,0.774988,0.85167,0.588419
supt7l,170,556,0.769943,0.874101,0.451439
surf6,174,666,0.541938,0.777778,0.507508
svild,155,2434,0.601832,0.749795,0.276089
sybl1,169,360,0.612919,0.802778,0.452778
syf2,164,363,0.662198,0.889807,0.633609
syk,166,1044,0.591146,0.886973,0.0938697
sympk,171,1668,0.741046,0.784173,0.535971
sys1,154,175,0.891911,0.988571,0.868571
syt12,170,832,0.524279,0.864183,0.375
sytl1,162,880,0.611181,0.718182,0.363636
sytl5,164,942,0.76916,0.826964,0.117834
syvn1,158,995,0.629655,0.721608,0.361809
tab3,167,931,0.648565,0.758324,0.350161
tada1,170,414,0.810841,0.876812,0.572464
tada2a,161,578,0.77168,0.880623,0.697232
tada2b,160,649,0.756231,0.862866,0.389831
tada3l,158,512,0.850438,0.951172,0.833984
taf11,168,323,0.63801,0.743034,0.606811
taf13,168,213,0.595154,0.943662,0.577465
taf1c,168,1997,0.519643,0.637456,0.320981
taf5,158,841,0.890757,0.947681,0.865636
taf5l,157,785,0.764453,0.852229,0.410191
taf7,163,492,0.732106,0.855691,0.186992
tamalin,162,590,0.638837,0.745763,0.549153
taok3a,172,1077,0.825484,0.913649,0.232126
tarbp2,166,445,0.779098,0.833708,0.696629
tasp1,169,796,0.53557,0.675879,0.408291
tat,163,645,0.723061,0.804651,0.136434
tatdn1,173,554,0.56446,0.722022,0.274368
tbc1d16,163,1053,0.698215,0.792023,0.106363
tbc1d17,156,1039,0.607265,0.839269,0.395573
tbc1d2b,167,1410,0.685378,0.787943,0.578723
tbc1d30,159,1645,0.632112,0.70152,0.23465
tbc1d8b,157,1426,0.793923,0.841515,0.542777
tbcb,170,311,0.790467,0.96463,0.601286
tbcc,162,586,0.595015,0.901024,0.532423
tbcd,167,1430,0.826779,0.883217,0.477622
tbl3,162,1409,0.652069,0.867991,0.33357
tbrg4,159,768,0.822777,0.895833,0.515625
tbx15,156,846,0.713236,0.781324,0.196217
tbx21,166,1012,0.60216,0.649209,0.408103
tceanc2,177,339,0.616653,0.873156,0.365782
tcf25,167,1306,0.517441,0.88974,0.261868
tcp1,168,609,0.916276,0.998358,0.801314
tcp11l1,166,691,0.721235,0.837916,0.383502
tcte1,167,794,0.569443,0.701511,0.280856
tctn2,172,865,0.817536,0.856647,0.552601
tdp1,171,923,0.673598,0.787649,0.368364
tdrd15,167,3009,0.62716,0.736125,0.112994
tdrd9,169,1867,0.712325,0.889127,0.433851
tectb,170,543,0.62692,0.744015,0.355433
tekt1,163,574,0.696853,0.815331,0.496516
tekt3,173,552,0.883691,0.96558,0.862319
telo2,176,1067,0.76867,0.837863,0.0843486
tenm4,166,3077,0.914609,0.943451,0.653234
tepsin,173,1093,0.556791,0.645929,0.475755
tert,172,2093,0.520967,0.637363,0.0960344
tex11,172,1588,0.568171,0.687657,0.481108
tex261,162,328,0.601137,0.917683,0.557927
tex9,161,695,0.578542,0.808633,0.351079
tfap2d,157,733,0.637012,0.851296,0.418827
tfeb,165,982,0.529525,0.63442,0.207739
tfip11,168,926,0.899954,0.927646,0.714903
tfpt,161,314,0.631463,0.786624,0.496815
tgfbrap1,163,1070,0.814753,0.918692,0.482243
tgm2b,155,828,0.820321,0.910628,0.705314
tgm5l,157,876,0.783338,0.828767,0.737443
them4,157,449,0.561446,0.685969,0.329621
thg1l,161,535,0.567052,0.786916,0.502804
thnsl2,165,723,0.665518,0.857538,0.183956
thoc3,165,460,0.702279,0.945652,0.393478
thoc5,158,842,0.814223,0.861045,0.612827
ticam1,164,1004,0.585123,0.757968,0.466135
ticrr,164,2656,0.693526,0.776732,0.330572
timeless,169,1661,0.745616,0.80012,0.293197
timm8a,167,141,0.641525,0.893617,0.546099
timmdc1,157,586,0.539347,0.616041,0.431741
tinagl1,163,578,0.81904,0.910035,0.486159
tjp3,161,1902,0.689944,0.726604,0.494742
tkfc,168,846,0.687036,0.807329,0.55792
tlr21,158,1144,0.846895,0.952797,0.130245
tlr3,171,1128,0.812,0.876773,0.734929
tm4sf4,170,264,0.761185,0.924242,0.424242
tm4sf5,167,243,0.828565,0.958848,0.625514
tm9sf1,165,667,0.903585,0.985007,0.430285
tm9sf3,166,734,0.800614,0.911444,0.700272
tmc4,172,1157,0.607877,0.781331,0.244598
tmc5,163,1483,0.602013,0.710047,0.21915
tmco4,168,1270,0.530484,0.794488,0.283465
tmem104,154,538,0.91521,0.957249,0.591078
tmem115,164,409,0.922178,0.96577,0.875306
tmem121b,161,725,0.545907,0.77931,0.351724
tmem129,162,566,0.643589,0.724382,0.348057
tmem134,160,328,0.630697,0.746951,0.375
tmem141,170,227,0.556517,0.726872,0.46696
tmem160,163,420,0.518025,0.87381,0.214286
tmem169b,164,380,0.797208,0.952632,0.742105
tmem177,169,417,0.746754,0.961631,0.726619
tmem181,160,645,0.80312,0.877519,0.733333
tmem186,170,325,0.696959,0.873846,0.587692
tmem192,165,397,0.671674,0.843829,0.632242
tmem199,162,265,0.749755,0.94717,0.45283
tmem200a,161,800,0.668898,0.79875,0.46625
tmem203,164,143,0.963116,0.986014,0.664336
tmem205,155,262,0.722852,0.958015,0.431298
tmem208,152,288,0.601266,0.993056,0.347222
tmem214,167,896,0.756696,0.835938,0.184152
tmem223,167,468,0.572074,0.754274,0.442308
tmem231,167,491,0.627145,0.729124,0.331976
tmem260,166,1221,0.556861,0.780508,0.0900901
tmem267,167,334,0.72871,0.913174,0.649701
tmem44,173,737,0.611909,0.723202,0.46133
tmem59,174,411,0.791286,0.871046,0.695864
tmem86a,164,404,0.591841,0.772277,0.39604
tmem86b,158,317,0.788184,0.895899,0.776025
tmem97,169,324,0.5574,0.83642,0.478395
tmtc3,170,1104,0.841816,0.875,0.533514
tmtc4,169,997,0.739859,0.820461,0.195587
tnfaip3,166,1363,0.598671,0.834189,0.53485
tnip2,163,852,0.537876,0.679577,0.329812
tnmd,164,557,0.542267,0.691203,0.398564
tnni3k,168,1170,0.702935,0.84188,0.383761
tnr,167,1665,0.812659,0.908108,0.190991
tomm22,164,191,0.697293,0.816754,0.371728
tomm70a,157,662,0.864404,0.950151,0.21148
top3a,162,1458,0.69676,0.790123,0.320302
top3b,172,1017,0.836889,0.929204,0.303835
topbp1,169,1942,0.779234,0.836251,0.649846
tor3a,155,533,0.691836,0.831144,0.49531
tpbgb,163,491,0.769982,0.930754,0.665988
tpcn1,168,1610,0.508485,0.873292,0.157764
tpgs1,169,597,0.533109,0.636516,0.346734
tpp1,170,617,0.906035,0.951378,0.489465
tprkb,169,261,0.675984,0.823755,0.340996
tprn,168,1495,0.552879,0.69097,0.441472
trabd,173,524,0.701606,0.830153,0.446565
tradd,162,375,0.788757,0.882667,0.746667
traf4a,161,552,0.853148,0.974638,0.706522
traf7,160,1150,0.579283,0.753043,0.19913
tram1,164,429,0.862641,0.948718,0.841492
trappc11,163,1315,0.847633,0.887452,0.1673
trappc12,167,1117,0.725521,0.785139,0.36974
trappc13,168,480,0.871429,0.93125,0.775
trappc2l,169,187,0.751321,0.860963,0.737968
trappc3,154,333,0.54485,0.771772,0.516517
trappc4,168,243,0.904296,0.954733,0.814815
trappc8,161,1844,0.790784,0.828633,0.380694
trim105,163,542,0.79835,0.916974,0.313653
trim23,158,707,0.818783,0.881188,0.280057
trim25l,161,1312,0.625052,0.71875,0.326982
trim2a,160,1004,0.746109,0.842629,0.656375
trim32,159,815,0.833623,0.934969,0.792638
trim44,164,706,0.505156,0.655807,0.188385
trim59,167,578,0.738143,0.873702,0.461938
trim69,152,741,0.728088,0.824561,0.511471
trip11,166,2542,0.773404,0.896145,0.437451
trip13,169,568,0.746875,0.834507,0.559859
trip4,167,899,0.636369,0.728587,0.413793
trmo,169,834,0.544329,0.678657,0.232614
trmt112,171,189,0.650794,0.89418,0.333333
trmt2a,170,896,0.685859,0.765625,0.547991
trmt2b,169,588,0.81687,0.89966,0.362245
trmt6,170,712,0.664458,0.759831,0.630618
trmt61a,159,463,0.648111,0.868251,0.259179
trmu,175,689,0.605963,0.820029,0.58926
trpc1,165,983,0.81132,0.89115,0.780264
trps1,162,2183,0.653365,0.757215,0.229959
trpt1,171,431,0.534009,0.62877,0.227378
trpv4,157,1046,0.82956,0.879541,0.608031
trub2,169,534,0.627839,0.737828,0.55618
tsen15,168,275,0.553983,0.698182,0.330909
tspan33b,168,541,0.50088,0.724584,0.314233
tspan7,165,479,0.527273,0.751566,0.327766
tsr1,173,958,0.86917,0.913361,0.712944
tstd3,168,277,0.633939,0.819495,0.563177
ttc34,154,1453,0.728855,0.812113,0.140399
ttc4,175,746,0.532677,0.906166,0.286863
ttc8,163,905,0.56599,0.878453,0.346961
ttc9c,167,350,0.637879,0.708571,0.434286
ttf2,169,1744,0.65314,0.742546,0.16055
tti1,167,1259,0.875878,0.921366,0.802224
tti2,169,980,0.516628,0.661224,0.128571
ttk,161,1557,0.637474,0.728324,0.282595
ttll11,169,1167,0.625419,0.72665,0.544987
ttll5,174,2109,0.607419,0.691323,0.437174
tubgcp2,161,1145,0.771233,0.838428,0.660262
tubgcp4,162,826,0.802955,0.855932,0.386199
twnk,167,948,0.763473,0.892405,0.543249
txndc11,168,1347,0.619984,0.704529,0.236823
txndc17,167,131,0.938611,0.984733,0.816794
tyms,171,511,0.634703,0.786693,0.477495
tysnd1,172,669,0.788829,0.878924,0.333333
tyw1,162,1035,0.706775,0.811594,0.299517
uba1,160,1198,0.879993,0.959933,0.693656
uba5,158,507,0.79421,0.911243,0.747535
ube2t,165,360,0.542879,0.716667,0.291667
ube3c,170,1210,0.894803,0.935537,0.799174
ube4a,164,1302,0.824562,0.902458,0.537634
ubox5,167,1118,0.547085,0.666369,0.178891
ubr4,163,5716,0.9028,0.918474,0.606018
ubxn7,159,685,0.76848,0.852555,0.426277
uchl1,154,293,0.749856,0.866894,0.576792
uchl3,173,337,0.686987,0.821958,0.554896
uchl5,160,422,0.78085,0.883886,0.755924
ucp1,159,394,0.78238,0.967005,0.766497
uevld,171,647,0.728319,0.877898,0.616692
ufc1,164,307,0.568106,0.918567,0.355049
ufd1l,163,346,0.895794,0.965318,0.887283
ugt8,158,620,0.87254,0.962903,0.33871
unc5a,161,1109,0.807453,0.911632,0.32642
unc5b,160,1258,0.741842,0.81558,0.36725
unc93b1,163,829,0.747563,0.881785,0.343788
uox,173,432,0.695595,0.93287,0.335648
upb1,172,493,0.77368,0.858012,0.448276
upp2,155,513,0.613721,0.91423,0.551657
urb1,170,3014,0.746446,0.879894,0.508295
urb2,172,1951,0.815971,0.884675,0.101486
uroc1,172,852,0.79456,0.980047,0.771127
urod,159,442,0.833305,0.961538,0.665158
ush2a,162,6193,0.843297,0.917326,0.0479574
uso1,165,1190,0.806957,0.848739,0.390756
usp1,167,1094,0.735668,0.805302,0.638026
usp14,152,575,0.853089,0.913043,0.613913
usp3,171,1021,0.570562,0.683643,0.175318
usp44,155,1097,0.667292,0.744758,0.473108
usp47,164,1577,0.870389,0.922004,0.750793
utp11,160,407,0.623372,0.810811,0.373464
utp25,169,988,0.76644,0.83502,0.726721
uvrag,161,986,0.723325,0.792089,0.274848
uxs1,167,595,0.690696,0.858824,0.157983
vamp2,155,139,0.794337,0.863309,0.76259
vash1,168,541,0.63927,0.739372,0.510166
vax1,168,487,0.640217,0.825462,0.377823
vax2,167,463,0.649177,0.814255,0.259179
vcpkmt,174,329,0.681724,0.884498,0.474164
vgll2a,158,464,0.633157,0.765086,0.269397
vhl,169,258,0.652493,0.794574,0.379845
vps11,165,1063,0.868753,0.9492,0.234243
vps18,162,1076,0.911326,0.97026,0.849442
vps26c,168,384,0.774321,0.838542,0.679688
vps28,168,302,0.739968,0.910596,0.360927
vps29,153,257,0.729966,1,0.505837
vps33a,164,654,0.912853,0.977064,0.316514
vps36,171,466,0.808624,0.978541,0.259657
vrtn,163,862,0.800756,0.87355,0.766821
vsir,168,479,0.61517,0.753653,0.217119
vti1a,161,309,0.71708,0.854369,0.411003
vwa5b2,168,2128,0.639095,0.727444,0.210526
vwc2l,164,332,0.719677,0.825301,0.463855
vwf,171,3987,0.702252,0.863557,0.151994
wasf1,165,753,0.740835,0.833997,0.225764
wash1,165,597,0.797604,0.907873,0.772194
washc4,172,1279,0.911354,0.951525,0.500391
washc5,165,1220,0.943944,0.997541,0.092623
wbp1,161,534,0.5298,0.679775,0.361423
wdhd1,167,1329,0.837337,0.879609,0.220467
wdr1,160,680,0.892004,0.967647,0.814706
wdr11,169,1372,0.894832,0.932216,0.424198
wdr17,162,1689,0.742754,0.821196,0.062167
wdr18,165,600,0.701253,0.898333,0.205
wdr21,155,747,0.692801,0.779116,0.524766
wdr24,173,1187,0.662773,0.902275,0.555181
wdr25,172,814,0.60018,0.737101,0.239558
wdr31,170,594,0.59791,0.749158,0.526936
wdr35,172,1352,0.868193,0.918639,0.105769
wdr41,168,622,0.721329,0.768489,0.289389
wdr45b,167,430,0.801504,0.893023,0.609302
wdr46,170,843,0.704089,0.799526,0.531435
wdr53,171,553,0.693019,0.84991,0.546112
wdr74,160,580,0.655884,0.832759,0.284483
wdr81,172,2250,0.917731,0.937778,0.855556
wee2,171,822,0.677886,0.761557,0.635036
wnt8b,160,473,0.765407,0.858351,0.697674
wrnip1,174,759,0.777157,0.83531,0.445323
wsb2,168,714,0.591795,0.7507,0.443978
wtap,171,560,0.747682,0.860714,0.269643
wwc1,163,1581,0.713682,0.770398,0.411765
xk,167,680,0.684951,0.816176,0.335294
xpc,172,1382,0.659951,0.727931,0.0730825
xpo4,168,1451,0.78658,0.835286,0.424535
xpo6,162,1205,0.948061,0.958506,0.770124
xrcc1,156,1160,0.540081,0.822414,0.50431
xrcc3,163,703,0.503687,0.620199,0.366999
xrcc6,168,1164,0.522848,0.924399,0.15378
xxylt1,161,468,0.831475,0.895299,0.303419
yap1,157,574,0.756098,0.839721,0.472125
yars1,162,1054,0.505312,0.872865,0.260911
ybx1,168,612,0.535403,0.658497,0.477124
yif1a,159,476,0.65134,0.798319,0.403361
yipf1,174,409,0.73819,0.899756,0.393643
yipf5,155,324,0.795221,0.929012,0.759259
yrdc,166,487,0.550283,0.761807,0.480493
ythdf2,161,837,0.753786,0.917563,0.704898
zar1,164,487,0.677393,0.784394,0.211499
zbtb10,161,1148,0.634563,0.824913,0.505226
zbtb11,164,1781,0.649467,0.759686,0.111735
zbtb17,167,1247,0.720589,0.805934,0.445068
zbtb21,161,1311,0.778226,0.841342,0.705568
zbtb24,167,1124,0.624763,0.761566,0.336299
zbtb26,153,653,0.6704,0.773354,0.588055
zbtb3,156,864,0.710759,0.795139,0.575231
zbtb34,159,692,0.75578,0.898844,0.713873
zbtb4,159,2475,0.715131,0.827475,0.125253
zbtb41,171,1399,0.658766,0.721944,0.534668
zbtb44,158,923,0.715142,0.867822,0.384615
zbtb8a,170,866,0.550978,0.67552,0.452656
zc3h10,157,785,0.697903,0.797452,0.338854
zc3h7a,163,1449,0.686147,0.810904,0.597654
zcchc14,161,1965,0.537477,0.647837,0.216794
zcchc4,166,764,0.645422,0.718586,0.60733
zdhhc15b,160,589,0.573949,0.825127,0.412564
zdhhc21,159,412,0.648394,0.900485,0.495146
zdhhc24,169,364,0.799142,0.958791,0.497253
zdhhc6,169,569,0.727426,0.841828,0.717047
zfp64,163,1142,0.592245,0.745184,0.49387
zfpl1,156,420,0.776358,0.838095,0.52381
zfpm2a,162,1527,0.756745,0.827767,0.0943026
zftraf1,169,478,0.791525,0.841004,0.677824
zfyve19,171,586,0.734188,0.846416,0.701365
zgpat,169,640,0.812759,0.846875,0.354687
zmat5,169,336,0.52263,0.675595,0.505952
zmpste24,169,532,0.877964,0.949248,0.755639
znf217,165,1286,0.744946,0.79549,0.414463
znf219,154,1968,0.609264,0.765244,0.451728
znf277,160,656,0.666168,0.748476,0.333841
znf330,164,481,0.656927,0.773389,0.367983
znf341,160,1494,0.591809,0.674699,0.210174
znf367,165,405,0.775653,0.876543,0.74321
znf451,166,1567,0.560314,0.705169,0.338226
znf507,156,1942,0.53932,0.784243,0.42482
znf511,173,455,0.646205,0.789011,0.415385
znf593,175,195,0.673729,0.892308,0.641026
znf598,159,1690,0.549604,0.687574,0.189349
znf608,165,2498,0.556761,0.684147,0.189752
znf652,157,1208,0.562165,0.768212,0.50745
znf668,172,875,0.747482,0.830857,0.390857
znf704,152,986,0.513798,0.770791,0.160243
znhit2,172,775,0.732438,0.836129,0.547097
zpr1,168,623,0.715834,0.833066,0.693419
zwilch,172,802,0.734095,0.798005,0.315461
